fixture_id,team_id,team_name,player_id,player_name,minutes_played,rating,goals,assists,shots_total,shots_on,passes_total,passes_accuracy,tackles,duels_total,duels_won,dribbles_success,fouls_drawn,fouls_committed,cards_yellow,cards_red
1044885,84,Nice,2274,Marcin BuÅ‚ka,90.0,7.3,0,0,0,0,46,40,0,0,0,0,0,0,0,0
1044885,84,Nice,3165,Youcef Atal,45.0,6.7,0,0,0,0,13,11,2,5,4,1,0,1,0,0
1044885,84,Nice,138,Jean-Clair Todibo,90.0,6.9,0,0,0,0,53,46,1,5,3,2,0,1,0,0
1044885,84,Nice,22163,Dante,90.0,7.2,0,0,0,0,46,42,1,7,5,2,1,1,0,0
1044885,84,Nice,162465,Melvin Bard,90.0,6.2,0,0,0,0,50,39,1,13,4,1,1,3,0,0
1044885,84,Nice,1914,Morgan Sanson,90.0,6.9,0,0,1,0,24,21,0,13,6,4,2,1,0,0
1044885,84,Nice,3099,Youssouf Ndayishimiye,90.0,6.9,0,0,0,0,30,26,1,9,5,0,2,1,0,0
1044885,84,Nice,116,KhÃ©phren Thuram,57.0,7.3,0,0,0,0,18,15,4,12,7,3,0,1,0,0
1044885,84,Nice,21592,GaÃ«tan Laborde,57.0,7.2,1,0,2,2,13,9,0,8,3,3,0,1,0,0
1044885,84,Nice,69971,Terem Moffi,80.0,6.7,0,1,1,0,14,11,0,8,2,1,0,1,0,0
1044885,84,Nice,30531,JÃ©rÃ©mie Boga,57.0,6.6,0,0,0,0,14,13,1,11,5,2,2,0,0,0
1044885,84,Nice,945,Jordan Lotomba,45.0,6.7,0,0,0,0,18,16,2,7,4,2,0,1,0,0
1044885,84,Nice,107,Sofiane Diop,33.0,6.7,0,0,0,0,12,9,2,6,3,1,0,0,0,0
1044885,84,Nice,240,Pablo Rosario,33.0,6.7,0,0,1,0,15,11,1,3,2,0,0,0,0,0
1044885,84,Nice,137303,Evann Guessand,33.0,6.6,0,0,0,0,8,6,0,4,2,1,0,1,0,0
1044885,84,Nice,4399,Hicham Boudaoui,10.0,6.6,0,0,1,1,9,8,0,1,0,0,0,0,0,0
1044885,84,Nice,175171,Teddy Boulhendi,,,0,0,0,0,0,,0,0,0,0,0,0,0,0
1044885,84,Nice,325141,Ayoub Amraoui,,,0,0,0,0,0,,0,0,0,0,0,0,0,0
1044885,84,Nice,333116,Reda Belahyane,,,0,0,0,0,0,,0,0,0,0,0,0,0,0
1044885,84,Nice,334879,Badredine Bouanani,,,0,0,0,0,0,,0,0,0,0,0,0,0,0
1044885,79,Lille,162453,Lucas Chevalier,90.0,6.9,0,0,0,0,49,40,1,1,1,0,0,0,0,0
1044885,79,Lille,379329,Tiago Santos,90.0,7.5,0,0,1,0,43,35,4,14,9,5,0,1,0,0
1044885,79,Lille,22136,BafodÃ© DiakitÃ©,90.0,8.2,1,0,1,1,113,111,3,8,6,1,1,0,0,0
1044885,79,Lille,142691,Alexsandro Ribeiro,90.0,7.2,0,0,0,0,79,73,2,6,5,0,1,0,0,0
1044885,79,Lille,679,Ismaily,90.0,6.9,0,0,0,0,42,35,2,14,7,0,3,1,0,0
1044885,79,Lille,356041,Carlos Baleba,61.0,6.9,0,0,1,1,41,37,4,11,6,0,2,2,0,0
1044885,79,Lille,2204,Benjamin AndrÃ©,90.0,7.2,0,0,1,0,70,59,4,11,6,0,1,2,0,0
1044885,79,Lille,271572,Alan Virginius,67.0,6.6,0,0,0,0,12,10,0,5,2,2,0,0,0,0
1044885,79,Lille,22093,RÃ©my Cabella,80.0,6.9,0,0,1,1,43,32,3,14,6,2,1,0,0,0
1044885,79,Lille,67889,Hakon Arnar Haraldsson,80.0,7.2,0,0,0,0,30,24,0,13,4,3,1,1,0,0
1044885,79,Lille,8489,Jonathan David,90.0,7,0,0,2,2,15,13,0,7,2,1,1,0,0,0
1044885,79,Lille,896,Angel Gomes,29.0,7.2,0,1,0,0,25,25,2,3,2,0,0,0,0,0
1044885,79,Lille,48392,Edon Zhegrova,23.0,6.6,0,0,0,0,9,9,0,0,0,0,0,0,0,0
1044885,79,Lille,47969,Gabriel Gudmundsson,10.0,6.3,0,0,1,0,4,4,1,3,1,0,0,1,0,0
1044885,79,Lille,49888,Yusuf YazÄ±cÄ±,10.0,6.5,0,0,0,0,7,6,0,2,0,0,0,1,0,0
1044885,79,Lille,22219,Adam Jakubech,,,0,0,0,0,0,,0,0,0,0,0,0,0,0
1044885,79,Lille,275368,Tom Negrel,,,0,0,0,0,0,,0,0,0,0,0,0,0,0
1044885,79,Lille,342970,Leny Yoro,,,0,0,0,0,0,,0,0,0,0,0,0,0,0
1044885,79,Lille,351888,Ousmane TourÃ©,,,0,0,0,0,0,,0,0,0,0,0,0,0,0
1044885,79,Lille,349947,Aaron Malouda,,,0,0,0,0,0,,0,0,0,0,0,0,0,0
1044884,81,Marseille,1557,Pau LÃ³pez,90.0,6.9,0,0,0,0,39,23,0,1,1,0,1,0,0,0
1044884,81,Marseille,25008,Jonathan Clauss,90.0,7.2,0,0,1,0,36,29,4,7,4,0,0,0,0,0
1044884,81,Marseille,1775,Samuel Gigot,90.0,7.5,0,0,1,1,32,24,2,9,5,0,1,1,0,0
1044884,81,Marseille,375,Chancel Mbemba,90.0,7,0,0,0,0,32,25,2,9,4,1,0,1,0,0
1044884,81,Marseille,10122,Renan Lodi,90.0,6.6,0,0,1,1,23,16,1,12,6,1,3,3,1,0
1044884,81,Marseille,387533,FranÃ§ois RÃ©gis Mughe,51.0,6.6,0,0,0,0,8,5,0,9,6,1,3,0,0,0
1044884,81,Marseille,21102,Valentin Rongier,67.0,7.3,0,0,0,0,25,24,3,6,4,0,0,1,0,0
1044884,81,Marseille,926,Geoffrey Kondogbia,90.0,7,0,0,0,0,24,23,1,9,7,1,1,1,0,0
1044884,81,Marseille,129678,Azzedine Ounahi,83.0,7.3,1,0,2,1,24,19,0,6,1,0,1,0,0,0
1044884,81,Marseille,281408,Vitinha,83.0,7.9,1,0,3,1,14,12,0,13,7,4,1,0,0,0
1044884,81,Marseille,18592,Iliman Ndiaye,67.0,6.9,0,1,1,0,13,9,0,5,1,1,0,0,0,0
1044884,81,Marseille,2218,IsmaÃ¯la Sarr,39.0,7.2,0,1,1,0,13,11,0,5,3,1,2,0,0,0
1044884,81,Marseille,30409,Jordan Veretout,23.0,6.9,0,0,0,0,14,13,1,2,2,0,1,0,0,0
1044884,81,Marseille,1465,Pierre-Emerick Aubameyang,23.0,6.3,0,0,0,0,7,2,1,6,2,0,0,0,0,0
1044884,81,Marseille,1454,MattÃ©o Guendouzi,16.0,6.3,0,0,0,0,3,2,0,2,1,0,1,0,0,0
1044884,81,Marseille,412,Amine Harit,16.0,6.3,0,0,0,0,2,1,0,0,0,0,0,0,0,0
1044884,81,Marseille,47426,RubÃ©n Blanco,,,0,0,0,0,0,,0,0,0,0,0,0,0,0
1044884,81,Marseille,195893,Souleymane Isaak TourÃ©,,,0,0,0,0,0,,0,0,0,0,0,0,0,0
1044884,81,Marseille,283216,Bilal Nadir,,,0,0,0,0,0,,0,0,0,0,0,0,0,0
1044884,81,Marseille,343211,Emran Soglo,,,0,0,0,0,0,,0,0,0,0,0,0,0,0
1044884,93,Reims,20566,Yehvann Diouf,90.0,6.9,0,0,0,0,28,26,0,0,0,0,0,0,0,0
1044884,93,Reims,22000,Thomas Foket,90.0,6.6,0,0,0,0,41,35,0,4,3,0,0,0,0,0
1044884,93,Reims,71545,Joseph Okumu,90.0,6.9,0,0,1,1,69,59,1,11,6,2,0,1,0,0
1044884,93,Reims,2704,Yunis Abdelhamid,90.0,6.7,0,0,0,0,63,58,4,12,6,0,0,1,0,0
1044884,93,Reims,278128,Josh Wilson-Esbrand,80.0,6.2,0,0,0,0,37,29,2,7,2,0,0,2,1,0
1044884,93,Reims,314231,Amir Richardson,60.0,6.9,0,0,0,0,22,20,1,6,3,0,1,2,1,0
1044884,93,Reims,37236,Azor Matusiwa,90.0,7.2,0,0,0,0,44,33,2,8,5,2,0,0,0,0
1044884,93,Reims,1942,Junya Ito,90.0,7.7,1,0,2,1,34,27,1,9,5,2,2,1,0,0
1044884,93,Reims,3080,Marshall Munetsi,80.0,6.9,0,1,1,0,9,5,2,11,5,0,2,2,1,0
1044884,93,Reims,145476,Reda Khadra,60.0,6.7,0,0,2,1,14,9,1,5,1,0,0,0,0,0
1044884,93,Reims,334429,Oumar DiakitÃ©,60.0,6.6,0,0,0,0,13,7,1,10,6,0,2,1,0,0
1044884,93,Reims,8966,Teddy Teuma,30.0,6.3,0,0,0,0,18,16,1,6,1,0,0,3,0,0
1044884,93,Reims,33321,Keito Nakamura,30.0,7.2,0,0,0,0,10,7,0,3,1,1,0,1,0,0
1044884,93,Reims,352990,Amine Salama,30.0,6.2,0,0,1,1,6,4,0,4,2,1,0,1,0,0
1044884,93,Reims,327692,Therence Koudou,10.0,6.6,0,0,1,0,13,10,0,0,0,0,0,0,0,0
1044884,93,Reims,343351,Valentin Atangana Edoa,10.0,6.7,0,0,0,0,5,4,0,5,1,0,0,1,0,0
1044884,93,Reims,21080,Alexandre Olliero,,,0,0,0,0,0,,0,0,0,0,0,0,0,0
1044884,93,Reims,327691,Ibrahim DiakitÃ©,,,0,0,0,0,0,,0,0,0,0,0,0,0,0
1044884,93,Reims,326068,Kamory Doumbia,,,0,0,0,0,0,,0,0,0,0,0,0,0,0
1044884,93,Reims,386481,Mamadou Diakhon,,,0,0,0,0,0,,0,0,0,0,0,0,0,0
1044881,85,Paris Saint Germain,1622,Gianluigi Donnarumma,90.0,6.6,0,0,0,0,13,13,0,0,0,0,0,0,0,0
1044881,85,Paris Saint Germain,9,Achraf Hakimi,90.0,8.2,0,0,0,0,108,102,1,6,1,0,0,1,0,0
1044881,85,Paris Saint Germain,381,Danilo Pereira,90.0,7.9,0,0,0,0,157,151,0,2,1,1,0,0,0,0
1044881,85,Paris Saint Germain,198,Milan Å kriniar,90.0,7.5,0,0,0,0,146,143,1,9,2,0,0,1,0,0
1044881,85,Paris Saint Germain,33,Lucas HernÃ¡ndez,82.0,7.9,0,0,1,0,98,92,3,9,8,1,2,1,0,0
1044881,85,Paris Saint Germain,336657,Warren ZaÃ¯re-Emery,90.0,7.3,0,0,0,0,113,106,0,3,0,0,0,0,0,0
1044881,85,Paris Saint Germain,51494,Manuel Ugarte,90.0,8,0,0,1,0,94,88,2,15,8,3,2,4,0,0
1044881,85,Paris Saint Germain,128384,Vitinha,68.0,7.3,0,0,1,0,60,55,2,5,3,1,0,0,0,0
1044881,85,Paris Saint Germain,927,Kang-in Lee,82.0,7.2,0,0,0,0,59,52,1,6,3,2,0,0,0,0
1044881,85,Paris Saint Germain,41585,GonÃ§alo Ramos,90.0,7.5,0,0,4,1,24,20,0,8,5,1,0,0,0,0
1044881,85,Paris Saint Germain,746,Marco Asensio,69.0,7.2,0,0,1,1,49,43,0,2,1,0,1,0,0,0
1044881,85,Paris Saint Germain,930,Carlos Soler,21.0,7.2,0,0,3,1,22,19,0,1,1,0,0,0,0,0
1044881,85,Paris Saint Germain,328,FabiÃ¡n Ruiz,22.0,6.9,0,0,1,1,21,20,0,0,0,0,0,0,0,0
1044881,85,Paris Saint Germain,174565,Hugo EkitikÃ©,8.0,6.6,0,0,0,0,8,7,0,2,0,0,0,1,0,0
1044881,85,Paris Saint Germain,257,Marquinhos,8.0,6.9,0,0,0,0,29,28,0,1,0,0,0,0,0,0
1044881,85,Paris Saint Germain,162473,Arnau Tenas,,,0,0,0,0,0,,0,0,0,0,0,0,0,0
1044881,85,Paris Saint Germain,731,Keylor Navas,,,0,0,0,0,0,,0,0,0,0,0,0,0,0
1044881,85,Paris Saint Germain,263,Layvin Kurzawa,,,0,0,0,0,0,,0,0,0,0,0,0,0,0
1044881,85,Paris Saint Germain,310196,Ismael Gharbi,,,0,0,0,0,0,,0,0,0,0,0,0,0,0
1044881,85,Paris Saint Germain,311083,Cher Ndour,,,0,0,0,0,0,,0,0,0,0,0,0,0,0
1044881,97,Lorient,1142,Yvon Mvogo,90.0,7.6,0,0,0,0,28,18,0,0,0,0,0,0,0,0
1044881,97,Lorient,24245,Gedeon Kalulu,90.0,6.6,0,0,0,0,35,25,0,3,0,0,0,2,0,0
1044881,97,Lorient,193501,Bamo MeÃ¯tÃ©,90.0,7.5,0,0,0,0,22,19,1,6,2,0,1,0,0,0
1044881,97,Lorient,20766,Julien Laporte,90.0,7.3,0,0,0,0,24,19,1,7,3,0,0,0,0,0
1044881,97,Lorient,50030,Montassar Talbi,90.0,7.3,0,0,0,0,25,20,0,3,2,0,0,0,0,0
1044881,97,Lorient,20625,Vincent Le Goff,79.0,6.9,0,0,0,0,26,19,2,2,2,0,0,0,0,0
1044881,97,Lorient,84082,Romain Faivre,90.0,7,0,0,1,0,29,23,1,12,6,2,2,0,0,0
1044881,97,Lorient,20917,Laurent Abergel,90.0,7.9,0,0,1,0,25,23,4,8,5,0,1,0,0,0
1044881,97,Lorient,22171,Jean-Victor Makengo,59.0,6.5,0,0,0,0,17,12,0,3,0,0,0,3,0,0
1044881,97,Lorient,174703,ThÃ©o Le Bris,90.0,6.9,0,0,0,0,26,18,4,7,4,0,0,0,0,0
1044881,97,Lorient,284072,Ahmadou Bamba Dieng,59.0,6.6,0,0,0,0,10,7,0,7,6,0,2,0,0,0
1044881,97,Lorient,20641,Julien Ponceau,31.0,6.7,0,0,1,0,14,11,0,2,0,0,0,1,0,0
1044881,97,Lorient,39245,Ibrahima Kone,31.0,6.3,0,0,0,0,3,2,0,7,4,0,1,0,0,0
1044881,97,Lorient,152669,Darline Yongwa,11.0,6.9,0,0,0,0,2,2,0,2,2,1,1,0,0,0
1044881,97,Lorient,51146,Vito Mannone,,,0,0,0,0,0,,0,0,0,0,0,0,0,0
1044881,97,Lorient,193507,Dembo Sylla,,,0,0,0,0,0,,0,0,0,0,0,0,0,0
1044881,97,Lorient,162236,Formose Mendy,,,0,0,0,0,0,,0,0,0,0,0,0,0,0
1044881,97,Lorient,276662,Pablo Pagis,,,0,0,0,0,0,,0,0,0,0,0,0,0,0
1044881,97,Lorient,1960,Bonke Innocent,,,0,0,0,0,0,,0,0,0,0,0,0,0,0
1044881,97,Lorient,368030,Eli Junior Kroupi,,,0,0,0,0,0,,0,0,0,0,0,0,0,0
1044889,106,Stade Brestois 29,36878,Marco Bizot,90.0,6.5,0,0,0,0,27,21,0,0,0,0,0,0,0,0
1044889,106,Stade Brestois 29,22247,Kenny Lala,90.0,7.9,1,0,1,1,36,25,5,9,7,0,2,1,0,0
1044889,106,Stade Brestois 29,20546,Brendan Chardonnet,90.0,6.6,0,0,1,1,42,34,0,10,4,1,0,2,0,0
1044889,106,Stade Brestois 29,126757,Lilian Brassier,90.0,6.5,0,0,0,0,38,32,0,7,2,0,0,0,1,0
1044889,106,Stade Brestois 29,274267,Bradley Locko,90.0,6.3,0,0,0,0,43,37,2,16,5,3,0,1,0,0
1044889,106,Stade Brestois 29,20558,Hugo Magnetti,67.0,6.9,0,0,1,1,16,15,2,6,4,1,0,1,0,0
1044889,106,Stade Brestois 29,22170,Pierre Lees Melou,90.0,7.3,0,0,0,0,47,39,3,12,7,2,2,3,1,0
1044889,106,Stade Brestois 29,20780,Mathias Pereira Lage,67.0,6.7,0,0,1,0,8,7,1,5,2,0,0,1,0,0
1044889,106,Stade Brestois 29,2214,Romain Del Castillo,89.0,8.7,2,0,3,3,31,22,3,18,10,2,4,1,0,0
1044889,106,Stade Brestois 29,85772,JÃ©rÃ©my Le Douaron,90.0,6.5,0,0,3,2,17,14,1,15,7,1,4,0,0,0
1044889,106,Stade Brestois 29,195512,MartÃ­n Satriano,76.0,6.9,0,0,2,0,11,6,0,11,5,0,1,1,0,0
1044889,106,Stade Brestois 29,24147,Mahdi Camara,23.0,7.2,0,0,0,0,13,11,0,5,2,0,1,1,0,0
1044889,106,Stade Brestois 29,22258,Jonas Martin,23.0,7.2,0,0,0,0,23,19,1,5,3,0,1,1,0,0
1044889,106,Stade Brestois 29,3395,Steve MouniÃ©,14.0,6.3,0,0,0,0,7,7,0,1,0,0,0,0,0,0
1044889,106,Stade Brestois 29,329209,Axel Camblan,1.0,,0,0,0,0,0,,1,2,1,0,0,0,0,0
1044889,106,Stade Brestois 29,21248,GrÃ©goire Coudert,,,0,0,0,0,0,,0,0,0,0,0,0,0,0
1044889,106,Stade Brestois 29,36540,Achraf Dari,,,0,0,0,0,0,,0,0,0,0,0,0,0,0
1044889,106,Stade Brestois 29,22164,Christophe Herelle,,,0,0,0,0,0,,0,0,0,0,0,0,0,0
1044889,106,Stade Brestois 29,129680,Hianga'a M'Bock,,,0,0,0,0,0,,0,0,0,0,0,0,0,0
1044889,106,Stade Brestois 29,67959,Karamoko DembÃ©lÃ©,,,0,0,0,0,0,,0,0,0,0,0,0,0,0
1044889,116,Lens,21628,Brice Samba,90.0,7.3,0,0,0,0,29,20,0,1,1,0,0,0,1,0
1044889,116,Lens,21635,Jonathan Gradit,45.0,6.2,0,0,0,0,19,16,1,5,2,0,1,2,0,0
1044889,116,Lens,25287,Kevin Danso,90.0,6.9,0,0,0,0,34,27,1,10,7,1,1,1,0,0
1044889,116,Lens,6231,Facundo Medina,90.0,7.7,0,1,0,0,60,47,4,11,7,0,1,2,1,0
1044889,116,Lens,3007,PrzemysÅ‚aw Frankowski,78.0,7.2,0,0,1,0,31,22,3,8,6,2,0,0,0,0
1044889,116,Lens,128987,Salis Abdul Samed,90.0,6.2,0,0,0,0,35,30,1,7,2,0,1,3,0,0
1044889,116,Lens,270509,Andy Diouf,84.0,6.9,0,0,1,0,34,33,1,13,6,3,1,0,0,0
1044889,116,Lens,2483,Deiver Machado,90.0,7.6,1,0,1,1,29,19,2,11,9,2,4,1,0,0
1044889,116,Lens,20761,Florian Sotoca,90.0,7.3,1,0,2,1,33,19,1,13,8,0,1,2,1,0
1044889,116,Lens,21146,Angelo Fulgini,68.0,6.9,0,1,0,0,27,18,0,9,1,0,1,0,0,0
1044889,116,Lens,23643,Morgan Guilavogui,68.0,6.2,0,0,0,0,15,9,3,12,7,1,1,0,0,0
1044889,116,Lens,3333,Massadio HaÃ¯dara,45.0,6.2,0,0,0,0,17,16,2,8,3,0,0,1,0,0
1044889,116,Lens,22261,Adrien Thomasson,14.0,5.5,0,0,0,0,5,3,0,1,0,0,0,1,0,1
1044889,116,Lens,174607,David da Costa,22.0,5.9,0,0,0,0,13,10,1,6,1,0,0,0,0,0
1044889,116,Lens,85914,Julien Le Cardinal,12.0,6.2,0,0,0,0,6,6,2,6,3,0,1,1,0,0
1044889,116,Lens,36868,Stijn Spierings,14.0,6.2,0,0,0,0,8,6,0,1,0,0,0,1,0,0
1044889,116,Lens,20651,Jean-Louis Leca,,,0,0,0,0,0,,0,0,0,0,0,0,0,0
1044889,116,Lens,360114,Abdukodir Khusanov,,,0,0,0,0,0,,0,0,0,0,0,0,0,0
1044889,116,Lens,351923,Oscar CortÃ©s,,,0,0,0,0,0,,0,0,0,0,0,0,0,0
1044889,116,Lens,352999,Ayanda Sishuba,,,0,0,0,0,0,,0,0,0,0,0,0,0,0
1044888,82,Montpellier,21566,Benjamin Lecomte,90.0,6.7,0,0,0,0,32,20,0,0,0,0,0,0,0,0
1044888,82,Montpellier,3336,Falaye Sacko,90.0,6.5,0,0,0,0,56,44,2,7,2,0,0,0,0,0
1044888,82,Montpellier,22138,Christopher Jullien,90.0,6.6,0,0,1,0,73,66,1,11,6,0,0,1,1,0
1044888,82,Montpellier,3335,Boubakar KouyatÃ©,90.0,7.3,0,1,0,0,77,64,1,8,5,0,0,2,0,0
1044888,82,Montpellier,22141,Issiaga Sylla,86.0,6.6,0,0,0,0,36,32,1,6,3,1,1,0,0,0
1044888,82,Montpellier,128287,Joris Chotard,90.0,7.5,0,0,0,0,53,45,6,12,9,0,1,0,0,0
1044888,82,Montpellier,21439,Jordan Ferri,77.0,6.7,0,0,0,0,55,46,2,5,2,0,0,0,0,0
1044888,82,Montpellier,15286,Mousa Al-Taamari,90.0,7.7,0,0,3,2,18,14,1,15,9,3,4,0,0,0
1044888,82,Montpellier,21443,Teji Savanier,71.0,7.2,0,1,0,0,45,34,0,8,4,2,1,0,0,0
1044888,82,Montpellier,22102,Wahbi Khazri,69.0,6.6,0,0,3,1,12,9,1,7,2,0,1,1,0,0
1044888,82,Montpellier,57446,Akor Adams,77.0,8.7,2,0,2,2,11,8,0,5,3,0,1,2,0,0
1044888,82,Montpellier,22097,Arnaud Nordin,21.0,6.3,0,0,0,0,4,4,1,4,2,0,1,0,0,0
1044888,82,Montpellier,326088,Khalil Fayad,19.0,6.5,0,0,0,0,9,9,0,4,2,1,0,0,0,0
1044888,82,Montpellier,20833,Leo Leroy,13.0,6,0,0,1,0,3,2,0,4,1,0,0,2,0,0
1044888,82,Montpellier,162707,Elye Wahi,13.0,7,0,0,0,0,6,6,0,3,3,1,1,0,0,0
1044888,82,Montpellier,333118,Lucas Mincarelli Davin,12.0,6.5,0,0,0,0,1,1,1,1,1,0,0,0,0,0
1044888,82,Montpellier,119113,Belmin DizdareviÄ‡,,,0,0,0,0,0,,0,0,0,0,0,0,0,0
1044888,82,Montpellier,18842,Mamadou Sakho,,,0,0,0,0,0,,0,0,0,0,0,0,0,0
1044888,82,Montpellier,999,BeÄ‡ir OmeragiÄ‡,,,0,0,0,0,0,,0,0,0,0,0,0,0,0
1044888,82,Montpellier,179401,Sacha Delaye,,,0,0,0,0,0,,0,0,0,0,0,0,0,0
1044888,111,LE Havre,24011,Arthur Desmas,90.0,6.7,0,0,0,0,18,10,0,0,0,0,0,0,0,0
1044888,111,LE Havre,2336,Loic NÃ©go,70.0,6.5,0,0,1,0,21,19,2,8,3,1,0,0,0,0
1044888,111,LE Havre,20576,Yoann Salmier,90.0,7.2,0,1,1,1,26,18,1,6,3,0,0,1,0,0
1044888,111,LE Havre,174927,Arouna Sangante,90.0,6.5,0,0,0,0,28,20,0,7,3,0,2,1,1,0
1044888,111,LE Havre,64255,Gautier Lloris,90.0,7.3,1,0,1,1,32,24,3,12,5,0,0,4,0,0
1044888,111,LE Havre,174915,JosuÃ© Casimir,90.0,6.6,0,1,0,0,30,21,0,9,4,2,0,1,0,0
1044888,111,LE Havre,128342,Rassoul Ndiaye,70.0,6.3,0,0,1,0,21,13,2,7,3,0,0,1,0,0
1044888,111,LE Havre,284071,Oussama Targhalline,90.0,7.3,0,0,1,0,54,46,2,6,4,1,1,1,1,0
1044888,111,LE Havre,1212,Daler Kuzyaev,86.0,6.3,0,0,1,0,38,27,0,7,3,0,1,0,0,0
1044888,111,LE Havre,156465,Issa SoumarÃ©,61.0,6.9,0,0,2,0,14,6,0,17,9,1,3,0,0,0
1044888,111,LE Havre,8681,Nabil Alioui,61.0,6.9,0,0,0,0,11,6,0,4,2,0,0,0,0,0
1044888,111,LE Havre,289304,Antoine Joujou,29.0,6.7,0,0,0,0,16,13,0,5,2,2,0,1,0,0
1044888,111,LE Havre,339633,Andy Logbo,29.0,6.7,0,0,0,0,5,5,0,3,1,1,0,1,0,0
1044888,111,LE Havre,174937,Yassine Kechta,20.0,6.6,0,0,1,0,19,15,1,2,1,0,0,0,0,0
1044888,111,LE Havre,22266,Samuel Grandsir,20.0,7.6,1,0,1,1,20,18,1,6,3,1,1,1,0,0
1044888,111,LE Havre,21103,Abdoulaye TourÃ©,12.0,6.6,0,0,1,1,4,4,0,1,0,0,0,0,0,0
1044888,111,LE Havre,646,Mathieu Gorgelin,,,0,0,0,0,0,,0,0,0,0,0,0,0,0
1044888,111,LE Havre,162443,Ã‰tienne Youte Kinkoue,,,0,0,0,0,0,,0,0,0,0,0,0,0,0
1044888,111,LE Havre,22009,Nolan Mbemba,,,0,0,0,0,0,,0,0,0,0,0,0,0,0
1044888,111,LE Havre,24201,Alois Confais,,,0,0,0,0,0,,0,0,0,0,0,0,0,0
1044887,83,Nantes,30393,Alban Lafont,67.0,7.2,0,0,0,0,27,20,0,0,0,0,0,0,0,0
1044887,83,Nantes,343359,Nathan Zeze,90.0,6.2,0,0,0,0,33,27,0,9,3,0,1,3,0,0
1044887,83,Nantes,99,RonaÃ«l Pierre-Gabriel,90.0,6.2,0,0,0,0,47,40,0,5,2,0,1,1,0,0
1044887,83,Nantes,21088,Nicolas Pallois,90.0,6.5,0,0,0,0,42,35,1,7,3,0,2,1,1,0
1044887,83,Nantes,21498,Marcus Coco,60.0,6.9,0,0,0,0,16,15,4,10,6,1,1,1,1,0
1044887,83,Nantes,21101,Samuel Moutoussamy,68.0,7.2,0,0,0,0,10,8,0,4,2,0,2,1,0,0
1044887,83,Nantes,93671,Pedro Chirivella,90.0,6.9,0,0,0,0,77,65,1,5,2,0,1,1,0,0
1044887,83,Nantes,272460,Quentin Merlin,90.0,6.7,0,0,1,0,50,41,1,8,2,1,0,1,0,0
1044887,83,Nantes,21582,Florent Mollet,90.0,7.5,0,0,2,1,54,51,0,10,4,2,2,2,0,0
1044887,83,Nantes,2668,Mostafa Mohamed,88.0,7.2,1,0,2,1,15,11,0,14,6,1,0,3,0,0
1044887,83,Nantes,2781,Moses Simon,68.0,6.9,0,0,1,1,15,12,1,6,4,2,1,0,0,0
1044887,83,Nantes,271539,Jaouen Hadjam,30.0,6.2,0,0,0,0,13,11,1,2,1,0,0,0,0,0
1044887,83,Nantes,21484,Denis PetriÄ‡,23.0,6.3,0,0,0,0,5,4,0,0,0,0,0,0,0,0
1044887,83,Nantes,10036,Douglas Augusto,22.0,7,0,0,0,0,20,19,1,4,2,0,1,0,0,0
1044887,83,Nantes,84055,Abdoul Kader Bamba,22.0,6.9,0,0,1,1,7,5,0,5,3,1,2,0,0,0
1044887,83,Nantes,311520,Marquinhos,13.0,6.5,0,0,0,0,3,2,0,1,0,0,0,0,0,0
1044887,83,Nantes,196583,Yannis M'Bemba,,,0,0,0,0,0,,0,0,0,0,0,0,0,0
1044887,83,Nantes,388777,Bastien Meupiyou,,,0,0,0,0,0,,0,0,0,0,0,0,0,0
1044887,83,Nantes,119029,Lamine Diack,,,0,0,0,0,0,,0,0,0,0,0,0,0,0
1044887,83,Nantes,179,Moussa Sissoko,,,0,0,0,0,0,,0,0,0,0,0,0,0,0
1044887,96,Toulouse,325346,Guillaume Restes,90.0,7.3,0,0,0,0,23,19,0,1,1,0,1,0,0,0
1044887,96,Toulouse,39229,Mikkel Desler,90.0,7.3,0,0,0,0,51,49,3,8,7,1,3,0,0,0
1044887,96,Toulouse,21997,Logan Costa,90.0,6.7,0,0,0,0,73,57,4,11,5,0,0,2,1,0
1044887,96,Toulouse,15793,Rasmus Nicolaisen,90.0,7.9,1,0,1,1,67,65,1,4,3,0,0,0,0,0
1044887,96,Toulouse,70476,Moussa Diarra,70.0,7.3,0,1,0,0,61,56,1,6,3,0,1,0,0,0
1044887,96,Toulouse,48491,Vincent Sierro,89.0,6.3,0,0,1,0,77,62,0,11,4,0,2,2,1,0
1044887,96,Toulouse,50956,Cristian CÃ¡sseres Jr.,90.0,7,0,0,1,1,62,55,1,5,4,0,2,1,0,0
1044887,96,Toulouse,36928,Denis Genreau,83.0,7.3,0,0,2,1,38,28,2,8,6,1,1,1,0,0
1044887,96,Toulouse,243,Zakaria Aboukhlal,83.0,6.9,1,0,2,2,18,11,0,10,5,0,2,4,0,0
1044887,96,Toulouse,93016,Thijs Dallinga,89.0,7,0,0,0,0,19,14,0,8,5,1,1,1,0,0
1044887,96,Toulouse,11421,Gabriel Suazo,90.0,7.2,0,0,0,0,55,49,0,8,3,2,1,2,0,0
1044887,96,Toulouse,276670,FarÃ¨s ChaÃ¯bi,20.0,7,0,1,0,0,15,11,0,2,1,0,0,0,0,0
1044887,96,Toulouse,25533,Niklas Schmidt,18.0,6.3,0,0,0,0,9,8,0,1,0,0,0,0,0,0
1044887,96,Toulouse,174724,Frank Magri,18.0,6.3,0,0,0,0,6,3,0,2,1,0,0,0,0,0
1044887,96,Toulouse,264383,Warren Kamanzi,1.0,,0,0,0,0,0,,0,2,0,0,0,1,0,0
1044887,96,Toulouse,20867,Yanis Begraoui,1.0,,0,0,0,0,4,2,0,3,2,0,0,0,0,0
1044887,96,Toulouse,47351,Alex DomÃ­nguez,,,0,0,0,0,0,,0,0,0,0,0,0,0,0
1044887,96,Toulouse,129681,Anthony Rouault,,,0,0,0,0,0,,0,0,0,0,0,0,0,0
1044887,96,Toulouse,191252,Mamady BangrÃ©,,,0,0,0,0,0,,0,0,0,0,0,0,0,0
1044887,96,Toulouse,163076,CÃ©sar Gelabert,,,0,0,0,0,0,,0,0,0,0,0,0,0,0
1044886,99,Clermont Foot,119853,Mory Diaw,90.0,6.6,0,0,0,0,47,37,0,0,0,0,0,0,0,0
1044886,99,Clermont Foot,196187,Alidu Seidu,90.0,7.2,0,1,1,1,51,49,4,11,8,0,4,1,0,0
1044886,99,Clermont Foot,40392,Mateusz Wieteska,90.0,7.3,1,0,2,1,78,66,2,7,5,0,1,0,0,0
1044886,99,Clermont Foot,64256,Andy Pelmard,90.0,6.3,0,0,1,1,69,61,1,6,4,1,1,1,0,0
1044886,99,Clermont Foot,2203,Mehdi Zeffane,81.0,6.3,0,0,3,0,24,20,0,5,1,0,0,0,0,0
1044886,99,Clermont Foot,2051,Maxime Gonalons,80.0,6.5,0,0,0,0,35,30,2,8,3,0,1,0,0,0
1044886,99,Clermont Foot,20776,Johan Gastien,90.0,6.9,0,0,0,0,72,64,1,9,4,0,3,2,0,0
1044886,99,Clermont Foot,1927,Neto Borges,90.0,6.3,0,0,0,0,38,31,0,4,0,0,0,0,0,0
1044886,99,Clermont Foot,146008,Muhammed Cham-SaraÄeviÄ‡,88.0,8.3,1,1,2,2,44,39,1,8,2,1,0,1,0,0
1044886,99,Clermont Foot,21618,Jim Allevinah,76.0,7,0,0,1,0,27,20,1,9,5,2,1,0,0,0
1044886,99,Clermont Foot,20677,Grejohn Kyei,76.0,6.6,0,0,1,1,21,17,1,9,6,0,2,2,0,0
1044886,99,Clermont Foot,46710,JÃ©rÃ©mie Bela,14.0,6.6,0,0,1,1,5,4,0,0,0,0,0,0,0,0
1044886,99,Clermont Foot,1325,Komnen AndriÄ‡,14.0,6.7,0,0,1,0,7,6,0,1,1,0,0,0,0,0
1044886,99,Clermont Foot,406591,Cheick Konate,9.0,6.3,0,0,0,0,7,4,0,4,2,1,0,0,0,0
1044886,99,Clermont Foot,20778,Yohann Magnin,10.0,6.3,0,0,1,0,11,10,1,5,3,0,0,0,0,0
1044886,99,Clermont Foot,21589,Bilal Boutobba,12.0,6.6,0,0,0,0,2,2,2,6,3,0,1,0,0,0
1044886,99,Clermont Foot,328447,Massamba Ndiaye,,,0,0,0,0,0,,0,0,0,0,0,0,0,0
1044886,99,Clermont Foot,20768,Florent Ogier,,,0,0,0,0,0,,0,0,0,0,0,0,0,0
1044886,99,Clermont Foot,21630,YoÃ«l Armougom,,,0,0,0,0,0,,0,0,0,0,0,0,0,0
1044886,99,Clermont Foot,286660,Habib Keita,,,0,0,0,0,0,,0,0,0,0,0,0,0,0
1044886,91,Monaco,7313,Philipp KÃ¶hn,90.0,6.9,0,0,0,0,27,16,0,0,0,0,0,0,0,0
1044886,91,Monaco,163039,Chrislain Matsima,90.0,6.3,0,0,0,0,44,41,1,8,3,0,0,1,0,0
1044886,91,Monaco,2553,Guillermo MaripÃ¡n,90.0,6.2,0,0,0,0,34,30,1,7,1,0,0,2,0,0
1044886,91,Monaco,326176,Soungoutou Magassa,90.0,7,0,0,0,0,63,54,7,15,10,0,2,4,1,0
1044886,91,Monaco,291649,Vanderson,90.0,9.2,1,1,3,3,51,33,3,6,5,1,0,0,0,0
1044886,91,Monaco,22254,Youssouf Fofana,90.0,6.7,0,0,1,0,48,40,1,6,2,1,0,0,0,0
1044886,91,Monaco,7754,Mohamed Camara,45.0,6.6,0,0,1,0,26,26,1,6,3,0,2,2,1,0
1044886,91,Monaco,10316,Caio Henrique,89.0,6.6,0,0,0,0,39,30,2,4,2,0,0,0,0,0
1044886,91,Monaco,1101,Takumi Minamino,86.0,7.7,0,1,2,2,27,21,0,3,1,0,1,1,0,0
1044886,91,Monaco,109,Aleksandr Golovin,86.0,6.6,0,0,0,0,32,23,2,6,3,0,0,2,0,0
1044886,91,Monaco,2059,Wissam Ben Yedder,89.0,8.9,2,0,2,2,25,23,2,7,4,0,1,1,0,0
1044886,91,Monaco,162991,Eliot Matazo,45.0,7.2,0,1,0,0,22,17,1,7,5,1,0,1,1,0
1044886,91,Monaco,274300,Maghnes Akliouche,14.0,7.2,1,0,1,1,4,2,1,6,1,0,0,1,1,0
1044886,91,Monaco,81,KrÃ©pin Diatta,14.0,6.2,0,0,0,0,9,7,1,7,3,1,0,1,0,0
1044886,91,Monaco,158121,Ismail Jakobs,1.0,,0,0,0,0,4,2,1,2,2,1,0,0,0,0
1044886,91,Monaco,36907,Myron Boadu,9.0,6.3,0,0,0,0,0,,0,2,0,0,0,0,0,0
1044886,91,Monaco,40384,RadosÅ‚aw Majecki,,,0,0,0,0,0,,0,0,0,0,0,0,0,0
1044886,91,Monaco,21568,Ruben Aguilar,,,0,0,0,0,0,,0,0,0,0,0,0,0,0
1044886,91,Monaco,325594,FÃ©lix LemarÃ©chal,,,0,0,0,0,0,,0,0,0,0,0,0,0,0
1044886,91,Monaco,989,Kevin Volland,,,0,0,0,0,0,,0,0,0,0,0,0,0,0
1044883,94,Rennes,1897,Steve Mandanda,90.0,6.9,0,0,0,0,44,40,0,0,0,0,0,0,0,0
1044883,94,Rennes,180731,Lorenz Assignon,89.0,7.2,0,0,0,0,64,61,0,3,0,0,0,1,0,0
1044883,94,Rennes,162265,Warmed Omari,90.0,7.2,0,0,0,0,102,100,1,6,4,1,0,0,0,0
1044883,94,Rennes,204043,Arthur Theate,90.0,7.2,0,0,1,0,105,98,1,7,4,0,0,0,0,0
1044883,94,Rennes,343316,Jeanuel Belocian,74.0,7.2,0,0,0,0,38,33,5,13,9,1,2,1,0,0
1044883,94,Rennes,2206,Benjamin Bourigeaud,90.0,8.3,0,1,1,0,76,68,2,5,2,0,0,0,0,0
1044883,94,Rennes,21153,Baptiste Santamaria,90.0,6.7,0,0,3,2,89,84,0,7,2,0,1,1,0,0
1044883,94,Rennes,20638,Enzo Le FÃ©e,74.0,7.3,0,0,1,0,55,53,4,9,5,1,0,1,0,0
1044883,94,Rennes,1422,Jeremy Doku,84.0,9.2,1,0,4,3,38,35,2,18,14,9,3,2,0,0
1044883,94,Rennes,147831,Arnaud Kalimuendo,74.0,7.7,1,0,1,1,25,21,1,5,2,0,1,0,0,0
1044883,94,Rennes,85041,Amine Gouiri,90.0,8.2,1,0,5,4,34,23,0,8,4,3,0,0,0,0
1044883,94,Rennes,1173,Birger Meling,16.0,6.9,0,0,1,1,5,5,1,2,1,0,0,0,0,0
1044883,94,Rennes,343027,DÃ©sirÃ© DouÃ©,16.0,7.2,0,0,2,1,8,7,1,7,6,3,2,0,0,0
1044883,94,Rennes,1321,Lovro Majer,16.0,7,0,0,0,0,15,13,0,2,2,1,1,0,0,0
1044883,94,Rennes,375000,Ibrahim Salah,14.0,8.9,2,0,2,2,2,2,0,2,0,0,0,1,0,0
1044883,94,Rennes,161747,GuÃ©la DouÃ©,1.0,,0,0,0,0,6,6,0,0,0,0,0,0,0,0
1044883,94,Rennes,20706,Gauthier Gallon,,,0,0,0,0,0,,0,0,0,0,0,0,0,0
1044883,94,Rennes,20916,Christopher Wooh,,,0,0,0,0,0,,0,0,0,0,0,0,0,0
1044883,94,Rennes,21154,Flavien Tait,,,0,0,0,0,0,,0,0,0,0,0,0,0,0
1044883,94,Rennes,161622,Matthis Abline,,,0,0,0,0,0,,0,0,0,0,0,0,0,0
1044883,112,Metz,20519,Alexandre Oukidja,90.0,8,0,0,0,0,21,10,0,0,0,0,0,0,0,0
1044883,112,Metz,19518,Maxime Colin,90.0,5.9,0,0,0,0,28,22,1,5,1,0,0,1,1,0
1044883,112,Metz,3237,IsmaÃ«l TraorÃ©,90.0,6.3,0,0,1,0,33,29,3,7,5,0,0,1,0,0
1044883,112,Metz,41371,Fali CandÃ©,90.0,6.7,0,0,0,0,40,32,1,2,2,0,0,0,0,0
1044883,112,Metz,96331,Koffi Kouao,75.0,5.9,0,0,0,0,20,18,0,8,1,0,0,3,1,0
1044883,112,Metz,338367,Danley Jean Jacques,85.0,6,0,0,0,0,21,17,1,7,1,0,0,1,0,0
1044883,112,Metz,112,KÃ©vin N'Doram,90.0,6.2,0,0,0,0,36,30,0,5,1,1,0,0,0,0
1044883,112,Metz,20534,Cheick Tidiane Sabaly,85.0,6.2,0,0,0,0,17,16,5,18,8,1,2,1,0,0
1044883,112,Metz,374058,Lamine Camara,75.0,6.3,0,0,0,0,16,14,1,7,3,0,2,0,0,0
1044883,112,Metz,23975,Youssef Maziz,64.0,7.3,1,0,2,2,10,9,0,8,4,3,0,0,0,0
1044883,112,Metz,180496,Georges Mikautadze,90.0,7.2,0,1,1,1,21,17,1,11,5,2,1,0,0,0
1044883,112,Metz,403883,Malick Mbaye,26.0,6.7,0,0,0,0,4,2,3,8,5,0,1,2,0,0
1044883,112,Metz,129675,Aboubacar LÃ´,15.0,6.3,0,0,1,0,8,8,0,2,1,0,0,0,0,0
1044883,112,Metz,66029,Benjamin Tetteh,15.0,6.2,0,0,0,0,4,3,0,2,0,0,0,0,0,0
1044883,112,Metz,293949,Jean N'Guessan,13.0,6.3,0,0,0,0,2,2,1,3,1,0,0,1,0,0
1044883,112,Metz,347644,Arthur Atta,13.0,6.3,0,0,0,0,5,4,0,1,1,0,0,0,0,0
1044883,112,Metz,20518,Guillaume Dietsch,,,0,0,0,0,0,,0,0,0,0,0,0,0,0
1044883,112,Metz,428084,Sadibou Sane,,,0,0,0,0,0,,0,0,0,0,0,0,0,0
1044883,112,Metz,20531,Habib MaÃ¯ga,,,0,0,0,0,0,,0,0,0,0,0,0,0,0
1044883,112,Metz,190985,Simon Elisor,,,0,0,0,0,0,,0,0,0,0,0,0,0,0
1044882,95,Strasbourg,2919,Matz Sels,90.0,7.6,0,0,0,0,28,16,0,0,0,0,0,0,0,0
1044882,95,Strasbourg,271542,Ismael Doukoure,90.0,6.7,0,0,0,0,31,25,1,8,2,1,0,1,1,0
1044882,95,Strasbourg,2200,Gerzino Nyamsi,90.0,7,0,0,0,0,29,20,3,7,5,1,0,0,0,0
1044882,95,Strasbourg,364810,Abakar Sylla,90.0,7.3,0,0,1,0,54,41,6,11,10,2,1,0,0,0
1044882,95,Strasbourg,21636,FrÃ©dÃ©ric Guilbert,68.0,6.9,0,0,0,0,23,17,1,3,2,1,0,1,0,0
1044882,95,Strasbourg,20665,Jean-Ricner Bellegarde,89.0,7.9,1,1,2,1,29,18,3,21,8,3,2,1,1,0
1044882,95,Strasbourg,22259,Sanjin PrciÄ‡,81.0,7.2,0,0,1,0,28,26,0,2,1,0,1,0,0,0
1044882,95,Strasbourg,21640,Jessy Deminguet,90.0,6.6,0,0,0,0,21,20,2,12,4,2,0,3,0,0
1044882,95,Strasbourg,20521,Thomas Delaine,90.0,7.7,0,0,0,0,25,16,5,12,9,2,2,0,0,0
1044882,95,Strasbourg,3292,Lebo Mothiba,81.0,7.2,1,0,1,1,15,12,0,12,6,0,3,0,0,0
1044882,95,Strasbourg,203762,Emanuel Emegha,68.0,6.7,0,0,0,0,10,9,0,7,1,1,0,1,0,0
1044882,95,Strasbourg,191240,Marvin Senaya,22.0,6.5,0,0,0,0,6,4,3,6,3,0,0,0,0,0
1044882,95,Strasbourg,933,KÃ©vin Gameiro,22.0,6.3,0,0,0,0,5,4,0,2,1,1,0,0,0,0
1044882,95,Strasbourg,288055,Ã‚ngelo,9.0,6.5,0,0,0,0,2,,0,2,1,0,1,0,0,0
1044882,95,Strasbourg,129695,Dilane Bakwa,9.0,6.3,0,0,0,0,4,4,0,2,1,0,0,0,0,0
1044882,95,Strasbourg,22260,Ibrahima Sissoko,1.0,,0,0,0,0,2,2,0,2,1,0,0,1,0,0
1044882,95,Strasbourg,284795,Alaa Bellaarouch,,,0,0,0,0,0,,0,0,0,0,0,0,0,0
1044882,95,Strasbourg,282549,Junior Mwanga,,,0,0,0,0,0,,0,0,0,0,0,0,0,0
1044882,95,Strasbourg,67953,Lucas Perrin,,,0,0,0,0,0,,0,0,0,0,0,0,0,0
1044882,95,Strasbourg,103,Jean-Eudes Aholou,,,0,0,0,0,0,,0,0,0,0,0,0,0,0
1044882,80,Lyon,8551,RÃ©my Riou,90.0,6.3,0,0,0,0,31,25,0,2,2,0,1,0,0,0
1044882,80,Lyon,68,Clinton Mata,21.0,6.3,0,0,0,0,19,17,0,0,0,0,0,0,0,0
1044882,80,Lyon,1902,Duje Ä†aleta-Car,90.0,6.9,0,0,2,0,72,68,2,9,6,0,0,4,0,0
1044882,80,Lyon,162466,Sinaly DiomandÃ©,90.0,7.2,0,0,0,0,63,59,2,10,4,0,1,2,0,0
1044882,80,Lyon,529,NicolÃ¡s Tagliafico,90.0,7.3,1,0,1,1,43,37,0,2,1,0,1,0,0,0
1044882,80,Lyon,519,Corentin Tolisso,90.0,8.3,0,0,3,2,80,73,2,10,9,0,2,0,1,0
1044882,80,Lyon,193952,Johann Lepenant,71.0,7,0,0,1,0,49,44,1,5,3,1,1,1,0,0
1044882,80,Lyon,161904,Bradley Barcola,90.0,7.3,0,0,1,0,38,31,4,16,10,3,0,0,0,0
1044882,80,Lyon,659,Maxence Caqueret,90.0,7.5,0,1,0,0,43,35,1,12,3,1,0,3,0,0
1044882,80,Lyon,156477,Rayan Cherki,90.0,7,0,0,4,3,62,55,0,17,5,4,1,0,0,0
1044882,80,Lyon,1467,Alexandre Lacazette,85.0,6.7,0,0,2,1,15,14,2,6,2,0,0,0,0,0
1044882,80,Lyon,334914,Sael Kumbedi,69.0,6.2,0,0,0,0,42,34,1,9,2,0,0,1,1,0
1044882,80,Lyon,238391,Jeffinho,19.0,6.9,0,0,0,0,16,14,1,10,6,4,1,0,0,0
1044882,80,Lyon,236955,Amin Sarr,12.0,6.9,0,0,1,0,3,2,0,1,1,0,0,0,0,0
1044882,80,Lyon,198389,Mathieu Patouillet,,,0,0,0,0,0,,0,0,0,0,0,0,0,0
1044882,80,Lyon,10561,Henrique,,,0,0,0,0,0,,0,0,0,0,0,0,0,0
1044882,80,Lyon,276184,Mamadou Sarr,,,0,0,0,0,0,,0,0,0,0,0,0,0,0
1044882,80,Lyon,21152,Jeff Reine-AdÃ©laÃ¯de,,,0,0,0,0,0,,0,0,0,0,0,0,0,0
1044882,80,Lyon,270811,Mohamed El Arouch,,,0,0,0,0,0,,0,0,0,0,0,0,0,0
1044882,80,Lyon,3084,Tino Kadewere,,,0,0,0,0,0,,0,0,0,0,0,0,0,0
1044898,112,Metz,20519,Alexandre Oukidja,90.0,6.3,0,0,0,0,34,13,0,0,0,0,0,0,1,0
1044898,112,Metz,19518,Maxime Colin,90.0,6.7,0,0,0,0,40,33,1,3,2,0,1,0,0,0
1044898,112,Metz,3237,IsmaÃ«l TraorÃ©,90.0,6.5,0,0,0,0,36,35,1,3,1,0,0,1,0,0
1044898,112,Metz,129675,Aboubacar LÃ´,59.0,5.9,0,0,0,0,30,29,1,4,2,0,1,2,0,1
1044898,112,Metz,41371,Fali CandÃ©,90.0,7.5,0,1,1,1,49,36,3,7,3,0,0,2,0,0
1044898,112,Metz,112,KÃ©vin N'Doram,90.0,7.2,0,1,1,0,34,27,1,12,7,1,2,1,1,0
1044898,112,Metz,403883,Malick Mbaye,89.0,6.3,0,0,1,0,20,15,2,13,5,0,3,2,1,0
1044898,112,Metz,23975,Youssef Maziz,62.0,6.6,0,0,0,0,23,18,0,6,3,0,2,1,0,0
1044898,112,Metz,338367,Danley Jean Jacques,90.0,6.5,0,0,0,0,28,19,2,10,2,0,0,1,0,0
1044898,112,Metz,20534,Cheick Tidiane Sabaly,84.0,7.2,1,0,1,1,22,20,1,8,2,1,0,1,0,0
1044898,112,Metz,180496,Georges Mikautadze,84.0,7.7,1,0,4,3,21,15,0,9,4,3,0,1,0,0
1044898,112,Metz,374058,Lamine Camara,28.0,6.6,0,0,0,0,10,8,2,6,2,0,0,2,0,0
1044898,112,Metz,20531,Habib MaÃ¯ga,16.0,6.3,0,0,0,0,9,8,0,2,0,0,0,1,0,0
1044898,112,Metz,66029,Benjamin Tetteh,16.0,6.6,0,0,0,0,5,2,0,4,2,2,0,0,0,0
1044898,112,Metz,96331,Koffi Kouao,1.0,,0,0,0,0,0,,0,0,0,0,0,0,0,0
1044898,112,Metz,20518,Guillaume Dietsch,,,0,0,0,0,0,,0,0,0,0,0,0,0,0
1044898,112,Metz,21436,Sofiane Alakouch,,,0,0,0,0,0,,0,0,0,0,0,0,0,0
1044898,112,Metz,428084,Sadibou Sane,,,0,0,0,0,0,,0,0,0,0,0,0,0,0
1044898,112,Metz,347644,Arthur Atta,,,0,0,0,0,0,,0,0,0,0,0,0,0,0
1044898,112,Metz,190985,Simon Elisor,,,0,0,0,0,0,,0,0,0,0,0,0,0,0
1044898,81,Marseille,1557,Pau LÃ³pez,90.0,6,0,0,0,0,26,21,0,0,0,0,0,0,0,0
1044898,81,Marseille,25008,Jonathan Clauss,90.0,7.3,0,0,1,0,47,40,2,6,5,0,1,1,0,0
1044898,81,Marseille,375,Chancel Mbemba,90.0,7,0,0,1,0,46,41,2,7,6,0,1,0,0,0
1044898,81,Marseille,6,Leonardo Balerdi,75.0,6.6,0,0,0,0,51,42,0,6,5,0,0,0,0,0
1044898,81,Marseille,10122,Renan Lodi,90.0,6.7,0,0,1,0,40,36,0,5,1,0,0,2,1,0
1044898,81,Marseille,2218,IsmaÃ¯la Sarr,90.0,7.9,0,0,6,1,34,28,0,9,5,0,3,1,0,0
1044898,81,Marseille,21102,Valentin Rongier,90.0,6.9,0,0,0,0,67,60,1,9,5,1,1,1,0,0
1044898,81,Marseille,926,Geoffrey Kondogbia,56.0,7,0,0,0,0,43,36,3,7,6,1,0,0,0,0
1044898,81,Marseille,343211,Emran Soglo,67.0,7.3,1,0,1,1,10,7,2,5,3,0,1,1,0,0
1044898,81,Marseille,18592,Iliman Ndiaye,75.0,7,0,0,2,1,14,12,0,9,4,2,2,1,0,0
1044898,81,Marseille,1465,Pierre-Emerick Aubameyang,90.0,7.5,0,1,2,0,24,18,0,8,3,0,2,1,0,0
1044898,81,Marseille,30409,Jordan Veretout,34.0,7.2,0,0,0,0,38,34,1,5,2,0,1,1,1,0
1044898,81,Marseille,412,Amine Harit,23.0,7.2,0,1,2,1,29,22,0,5,4,3,1,0,0,0
1044898,81,Marseille,281408,Vitinha,15.0,7.2,1,0,1,1,3,2,0,1,0,0,0,0,0,0
1044898,81,Marseille,387533,FranÃ§ois RÃ©gis Mughe,15.0,6.7,0,0,0,0,5,4,0,5,3,1,2,0,0,0
1044898,81,Marseille,47426,RubÃ©n Blanco,,,0,0,0,0,0,,0,0,0,0,0,0,0,0
1044898,81,Marseille,1775,Samuel Gigot,,,0,0,0,0,0,,0,0,0,0,0,0,0,0
1044898,81,Marseille,195893,Souleymane Isaak TourÃ©,,,0,0,0,0,0,,0,0,0,0,0,0,0,0
1044898,81,Marseille,129678,Azzedine Ounahi,,,0,0,0,0,0,,0,0,0,0,0,0,0,0
1044898,81,Marseille,1454,MattÃ©o Guendouzi,,,0,0,0,0,0,,0,0,0,0,0,0,0,0
1044890,96,Toulouse,325346,Guillaume Restes,90.0,6.9,0,0,0,0,22,11,0,0,1,1,0,1,0,0,0,G
1044890,96,Toulouse,21997,Logan Costa,90.0,7.2,0,0,0,0,28,21,2,1,6,3,0,0,2,0,0,D
1044890,96,Toulouse,15793,Rasmus Nicolaisen,90.0,6.3,0,0,0,0,21,16,2,1,5,3,0,0,1,0,0,D
1044890,96,Toulouse,70476,Moussa Diarra,90.0,6.9,0,0,0,0,21,18,1,3,3,1,0,0,0,0,0,D
1044890,96,Toulouse,39229,Mikkel Desler,89.0,6.9,0,0,2,0,17,12,0,0,3,1,1,0,0,0,0,M
1044890,96,Toulouse,50956,Cristian Cásseres Jr.,71.0,6.6,0,0,0,0,19,15,2,3,8,3,0,1,4,0,0,M
1044890,96,Toulouse,48491,Vincent Sierro,90.0,6.2,0,0,1,0,21,14,1,0,6,3,0,1,0,0,0,M
1044890,96,Toulouse,11421,Gabriel Suazo,90.0,6.3,0,0,0,0,22,18,2,1,11,5,0,2,1,0,0,M
1044890,96,Toulouse,243,Zakaria Aboukhlal,89.0,7.3,1,0,1,1,11,7,0,0,7,4,1,3,0,0,0,F
1044890,96,Toulouse,174724,Frank Magri,57.0,6.3,0,0,0,0,8,6,0,0,4,2,0,1,0,0,0,F
1044890,96,Toulouse,93016,Thijs Dallinga,71.0,6.7,0,0,1,1,14,7,0,0,6,2,0,0,0,0,0,F
1044890,96,Toulouse,36928,Denis Genreau,33.0,6.7,0,0,0,0,6,4,2,0,4,3,0,1,0,0,0,M
1044890,96,Toulouse,25533,Niklas Schmidt,19.0,6.6,0,0,0,0,12,12,2,0,8,5,2,1,0,0,0,M
1044890,96,Toulouse,20867,Yanis Begraoui,19.0,6.6,0,0,1,0,6,5,0,1,3,1,1,0,0,0,0,F
1044890,96,Toulouse,191252,Mamady Bangré,1.0,,0,0,0,0,3,2,0,1,0,0,0,0,0,0,0,M
1044890,96,Toulouse,264383,Warren Kamanzi,1.0,,0,0,0,0,1,1,0,0,1,0,0,0,0,0,0,D
1044890,96,Toulouse,47351,Alex Domínguez,,,0,0,0,0,0,,0,0,0,0,0,0,0,0,0,G
1044890,96,Toulouse,371916,Christian Mawissa,,,0,0,0,0,0,,0,0,0,0,0,0,0,0,0,D
1044890,96,Toulouse,129681,Anthony Rouault,,,0,0,0,0,0,,0,0,0,0,0,0,0,0,0,D
1044890,96,Toulouse,163076,César Gelabert,,,0,0,0,0,0,,0,0,0,0,0,0,0,0,0,M
1044890,85,Paris Saint Germain,1622,Gianluigi Donnarumma,90.0,6.9,0,0,0,0,20,20,0,0,0,0,0,0,0,1,0,G
1044890,85,Paris Saint Germain,9,Achraf Hakimi,90.0,6.9,0,0,2,1,74,66,1,1,14,6,2,1,3,0,0,D
1044890,85,Paris Saint Germain,257,Marquinhos,90.0,7.5,0,0,0,0,115,113,0,2,5,2,0,0,1,0,0,D
1044890,85,Paris Saint Germain,198,Milan Škriniar,90.0,7.5,0,0,0,0,109,106,3,1,6,5,0,0,0,0,0,D
1044890,85,Paris Saint Germain,33,Lucas Hernández,78.0,6.9,0,0,1,0,80,69,1,2,3,1,0,0,1,0,0,D
1044890,85,Paris Saint Germain,336657,Warren Zaïre-Emery,90.0,7,0,0,0,0,81,75,5,0,12,6,0,1,2,0,0,M
1044890,85,Paris Saint Germain,51494,Manuel Ugarte,90.0,7.2,0,0,0,0,87,83,1,0,7,3,1,1,1,1,0,M
1044890,85,Paris Saint Germain,328,Fabián Ruiz,51.0,6.7,0,0,0,0,29,22,0,0,2,1,0,1,0,0,0,M
1044890,85,Paris Saint Germain,128384,Vitinha,78.0,7,0,0,2,0,44,40,1,0,1,1,0,0,0,0,0,F
1044890,85,Paris Saint Germain,41585,Gonçalo Ramos,90.0,7,0,0,2,1,36,27,1,0,8,2,0,1,1,0,0,F
1044890,85,Paris Saint Germain,927,Kang-in Lee,51.0,7,0,0,1,0,19,15,1,0,3,2,0,1,1,1,0,F
1044890,85,Paris Saint Germain,153,Ousmane Dembélé,39.0,7.3,0,0,0,0,18,13,0,0,8,6,6,0,0,0,0,F
1044890,85,Paris Saint Germain,278,Kylian Mbappé,39.0,7.6,1,0,1,1,26,22,0,0,6,3,2,1,1,0,0,F
1044890,85,Paris Saint Germain,381,Danilo Pereira,12.0,6.7,0,0,0,0,25,24,0,0,1,1,0,0,0,0,0,M
1044890,85,Paris Saint Germain,930,Carlos Soler,12.0,6.7,0,0,0,0,4,3,0,0,0,0,0,0,0,0,0,M
1044890,85,Paris Saint Germain,731,Keylor Navas,,,0,0,0,0,0,,0,0,0,0,0,0,0,0,0,G
1044890,85,Paris Saint Germain,263,Layvin Kurzawa,,,0,0,0,0,0,,0,0,0,0,0,0,0,0,0,D
1044890,85,Paris Saint Germain,311083,Cher Ndour,,,0,0,0,0,0,,0,0,0,0,0,0,0,0,0,M
1044890,85,Paris Saint Germain,746,Marco Asensio,,,0,0,0,0,0,,0,0,0,0,0,0,0,0,0,F
1044890,85,Paris Saint Germain,174565,Hugo Ekitiké,,,0,0,0,0,0,,0,0,0,0,0,0,0,0,0,F
1044891,97,Lorient,1142,Yvon Mvogo,90.0,8.3,0,0,0,0,32,20,0,0,2,2,0,0,0,0,0,G
1044891,97,Lorient,193501,Bamo Meïté,57.0,6.6,0,0,0,0,33,28,1,1,2,2,0,0,0,0,0,D
1044891,97,Lorient,20766,Julien Laporte,90.0,7,0,0,0,0,40,36,4,0,8,4,0,0,2,1,0,D
1044891,97,Lorient,50030,Montassar Talbi,90.0,7,0,0,0,0,47,45,1,0,6,4,0,0,1,0,0,D
1044891,97,Lorient,24245,Gedeon Kalulu,90.0,6.9,0,0,0,0,37,33,5,1,8,5,0,0,2,0,0,M
1044891,97,Lorient,20917,Laurent Abergel,90.0,7.2,0,0,1,0,70,68,3,1,11,6,2,1,0,0,0,M
1044891,97,Lorient,20641,Julien Ponceau,86.0,7,0,0,0,0,47,40,0,2,9,5,5,0,1,0,0,M
1044891,97,Lorient,20625,Vincent Le Goff,57.0,6.6,0,0,0,0,30,25,0,0,2,1,0,0,0,0,0,M
1044891,97,Lorient,84082,Romain Faivre,90.0,6.9,0,0,0,0,39,36,0,0,9,6,1,5,0,0,0,F
1044891,97,Lorient,284072,Ahmadou Bamba Dieng,71.0,6.7,0,0,1,0,9,8,2,0,13,5,0,1,0,0,0,F
1044891,97,Lorient,22171,Jean-Victor Makengo,71.0,6.5,0,0,0,0,28,24,0,2,4,0,0,0,1,0,0,F
1044891,97,Lorient,174703,Théo Le Bris,33.0,6.9,0,0,1,1,10,7,3,0,4,3,0,0,0,0,0,D
1044891,97,Lorient,152669,Darline Yongwa,33.0,6.5,0,0,0,0,20,15,0,0,3,2,0,2,1,0,0,D
1044891,97,Lorient,190831,Siriné Doucouré,19.0,7.2,1,0,1,1,5,4,1,0,8,3,1,0,0,0,0,F
1044891,97,Lorient,368030,Eli Junior Kroupi,19.0,7.3,0,1,1,0,4,4,0,0,1,0,0,0,0,0,0,M
1044891,97,Lorient,1960,Bonke Innocent,12.0,6.7,0,0,0,0,8,7,1,0,2,2,0,1,0,0,0,M
1044891,97,Lorient,51146,Vito Mannone,,,0,0,0,0,0,,0,0,0,0,0,0,0,0,0,G
1044891,97,Lorient,162236,Formose Mendy,,,0,0,0,0,0,,0,0,0,0,0,0,0,0,0,D
1044891,97,Lorient,193507,Dembo Sylla,,,0,0,0,0,0,,0,0,0,0,0,0,0,0,0,D
1044891,97,Lorient,276662,Pablo Pagis,,,0,0,0,0,0,,0,0,0,0,0,0,0,0,0,F
1044891,84,Nice,2274,Marcin Bułka,90.0,6.9,0,0,0,0,21,21,0,0,0,0,0,0,0,0,0,G
1044891,84,Nice,3165,Youcef Atal,90.0,7.2,0,0,1,0,81,76,1,1,4,3,1,1,0,0,0,D
1044891,84,Nice,240,Pablo Rosario,90.0,7.2,0,0,0,0,97,92,2,2,8,6,0,0,1,0,0,D
1044891,84,Nice,22163,Dante,90.0,7.2,0,0,0,0,124,119,2,0,9,6,0,0,1,0,0,D
1044891,84,Nice,162465,Melvin Bard,90.0,7.9,0,0,1,0,65,59,3,2,7,6,3,0,0,0,0,D
1044891,84,Nice,1914,Morgan Sanson,78.0,7.2,0,0,1,0,35,32,2,1,7,4,1,1,1,1,0,M
1044891,84,Nice,3099,Youssouf Ndayishimiye,90.0,6.3,0,0,2,2,86,82,0,0,9,1,0,0,0,0,0,M
1044891,84,Nice,116,Khéphren Thuram,90.0,8.3,0,0,3,2,66,61,4,1,14,7,2,1,2,0,0,M
1044891,84,Nice,21592,Gaëtan Laborde,88.0,6.9,0,0,2,0,26,23,1,1,6,2,0,0,1,0,0,F
1044891,84,Nice,137303,Evann Guessand,83.0,7.2,1,0,3,2,8,8,0,0,13,5,2,2,2,0,0,F
1044891,84,Nice,107,Sofiane Diop,78.0,6.5,0,0,1,1,33,26,0,0,10,1,0,1,2,0,0,F
1044891,84,Nice,4399,Hicham Boudaoui,12.0,6.3,0,0,0,0,12,11,0,1,2,1,0,1,0,0,0,M
1044891,84,Nice,334879,Badredine Bouanani,12.0,6.2,0,0,0,0,7,6,0,0,2,0,0,0,0,0,0,M
1044891,84,Nice,69971,Terem Moffi,15.0,6.6,0,0,1,1,4,3,0,0,0,0,0,0,0,0,0,F
1044891,84,Nice,19250,Billal Brahimi,10.0,6.6,0,0,0,0,8,7,0,0,1,0,0,0,0,0,0,F
1044891,84,Nice,175171,Teddy Boulhendi,,,0,0,0,0,0,,0,0,0,0,0,0,0,0,0,G
1044891,84,Nice,325141,Ayoub Amraoui,,,0,0,0,0,0,,0,0,0,0,0,0,0,0,0,D
1044891,84,Nice,945,Jordan Lotomba,,,0,0,0,0,0,,0,0,0,0,0,0,0,0,0,D
1044891,84,Nice,156187,Alexis Beka Beka,,,0,0,0,0,0,,0,0,0,0,0,0,0,0,0,M
1044891,84,Nice,333116,Reda Belahyane,,,0,0,0,0,0,,0,0,0,0,0,0,0,0,0,M
1044892,91,Monaco,7313,Philipp Köhn,90.0,7,0,0,0,0,29,15,0,0,0,0,0,0,0,0,0,G
1044892,91,Monaco,30504,Wilfried Singo,90.0,7.9,0,0,0,0,60,53,5,3,9,7,1,0,1,0,0,D
1044892,91,Monaco,2810,Denis Zakaria,88.0,7.2,0,0,0,0,57,53,1,1,7,5,4,0,1,0,0,D
1044892,91,Monaco,326176,Soungoutou Magassa,90.0,7.5,0,0,0,0,80,67,1,0,10,8,2,1,1,0,0,D
1044892,91,Monaco,291649,Vanderson,90.0,6.7,0,0,0,0,48,39,0,0,16,5,3,2,3,0,0,M
1044892,91,Monaco,22254,Youssouf Fofana,90.0,7.6,0,0,0,0,65,57,5,3,14,8,2,1,1,0,0,M
1044892,91,Monaco,7754,Mohamed Camara,69.0,6.9,0,0,0,0,47,45,3,0,11,5,0,2,2,1,0,M
1044892,91,Monaco,10316,Caio Henrique,88.0,7.7,0,1,0,0,45,38,1,0,3,2,0,0,0,0,0,M
1044892,91,Monaco,1101,Takumi Minamino,79.0,9.5,2,1,4,2,35,27,4,1,12,7,1,2,2,0,0,F
1044892,91,Monaco,109,Aleksandr Golovin,79.0,6.6,0,0,1,0,38,28,2,0,18,7,1,3,3,1,0,F
1044892,91,Monaco,2059,Wissam Ben Yedder,90.0,7.2,1,0,2,1,33,23,0,0,4,2,0,2,0,0,0,F
1044892,91,Monaco,162991,Eliot Matazo,21.0,6.3,0,0,1,1,13,8,0,1,5,1,0,0,1,0,0,M
1044892,91,Monaco,274300,Maghnes Akliouche,11.0,6.3,0,0,0,0,6,5,0,0,1,0,0,0,0,0,0,M
1044892,91,Monaco,81,Krépin Diatta,11.0,6.7,0,0,0,0,7,5,0,0,5,2,0,2,1,0,0,M
1044892,91,Monaco,163039,Chrislain Matsima,2.0,,0,0,0,0,2,2,0,0,3,0,0,0,3,0,0,D
1044892,91,Monaco,158121,Ismail Jakobs,2.0,,0,0,0,0,5,4,0,0,2,1,0,0,0,0,0,D
1044892,91,Monaco,40384,Radosław Majecki,,,0,0,0,0,0,,0,0,0,0,0,0,0,0,0,G
1044892,91,Monaco,21568,Ruben Aguilar,,,0,0,0,0,0,,0,0,0,0,0,0,0,0,0,D
1044892,91,Monaco,343320,Eliesse Ben Seghir,,,0,0,0,0,0,,0,0,0,0,0,0,0,0,0,M
1044892,91,Monaco,36907,Myron Boadu,,,0,0,0,0,0,,0,0,0,0,0,0,0,0,0,F
1044892,95,Strasbourg,2919,Matz Sels,90.0,5.9,0,0,0,0,27,17,0,0,1,1,0,1,0,0,0,G
1044892,95,Strasbourg,271542,Ismael Doukoure,79.0,6.5,0,0,0,0,37,32,0,1,5,4,2,1,1,0,0,D
1044892,95,Strasbourg,2200,Gerzino Nyamsi,90.0,6.3,0,0,0,0,63,59,0,1,4,0,0,0,3,0,0,D
1044892,95,Strasbourg,364810,Abakar Sylla,90.0,6.2,0,0,0,0,74,62,2,2,14,6,3,0,3,0,0,D
1044892,95,Strasbourg,21636,Frédéric Guilbert,90.0,6.2,0,0,0,0,35,23,2,2,11,5,0,2,2,0,0,M
1044892,95,Strasbourg,327631,Habib Diarra,90.0,6.5,0,0,0,0,15,13,2,0,15,6,2,2,2,0,0,M
1044892,95,Strasbourg,21640,Jessy Deminguet,90.0,6.9,0,0,0,0,51,42,2,3,11,7,0,2,1,0,0,M
1044892,95,Strasbourg,20665,Jean-Ricner Bellegarde,90.0,6.9,0,0,1,1,35,30,2,3,15,8,3,3,2,1,0,M
1044892,95,Strasbourg,20521,Thomas Delaine,79.0,6.3,0,0,0,0,37,28,0,0,9,4,3,0,1,0,0,M
1044892,95,Strasbourg,3292,Lebo Mothiba,59.0,6.6,0,0,1,0,7,5,1,0,6,4,0,1,0,0,0,F
1044892,95,Strasbourg,933,Kévin Gameiro,59.0,6.2,0,0,0,0,18,14,0,0,6,1,0,1,0,0,0,F
1044892,95,Strasbourg,288055,Ângelo,31.0,6.3,0,0,0,0,9,8,0,0,6,1,0,1,0,0,0,F
1044892,95,Strasbourg,129695,Dilane Bakwa,31.0,6.9,0,0,0,0,10,8,0,0,9,7,2,4,0,0,0,F
1044892,95,Strasbourg,191240,Marvin Senaya,11.0,7.3,0,0,1,0,10,8,0,0,7,5,3,1,1,0,0,D
1044892,95,Strasbourg,22260,Ibrahima Sissoko,11.0,6.9,0,0,0,0,10,9,1,1,1,1,0,0,0,0,0,M
1044892,95,Strasbourg,284795,Alaa Bellaarouch,,,0,0,0,0,0,,0,0,0,0,0,0,0,0,0,G
1044892,95,Strasbourg,282549,Junior Mwanga,,,0,0,0,0,0,,0,0,0,0,0,0,0,0,0,D
1044892,95,Strasbourg,67953,Lucas Perrin,,,0,0,0,0,0,,0,0,0,0,0,0,0,0,0,D
1044892,95,Strasbourg,22259,Sanjin Prcić,,,0,0,0,0,0,,0,0,0,0,0,0,0,0,0,M
1044893,79,Lille,162453,Lucas Chevalier,90.0,7.9,0,0,0,0,19,15,0,0,1,0,0,0,0,0,0,G
1044893,79,Lille,379329,Tiago Santos,90.0,7.9,0,0,1,0,31,28,0,0,7,6,2,4,0,0,0,D
1044893,79,Lille,22136,Bafodé Diakité,90.0,7.2,0,0,0,0,76,71,1,1,5,2,0,0,2,0,0,D
1044893,79,Lille,142691,Alexsandro Ribeiro,78.0,6.6,0,0,2,1,59,54,0,0,6,3,1,1,2,0,1,D
1044893,79,Lille,679,Ismaily,90.0,7.7,0,0,0,0,30,25,2,1,8,7,0,2,0,0,0,D
1044893,79,Lille,896,Angel Gomes,89.0,7.9,0,0,0,0,89,86,0,1,5,3,3,0,0,0,0,M
1044893,79,Lille,2204,Benjamin André,90.0,7.2,0,0,0,0,75,61,3,2,11,5,0,1,2,0,0,M
1044893,79,Lille,48392,Edon Zhegrova,71.0,7.9,0,0,2,1,41,37,0,0,7,4,2,1,0,0,0,M
1044893,79,Lille,22093,Rémy Cabella,81.0,7.2,0,0,2,2,54,48,0,0,7,2,0,2,1,0,0,M
1044893,79,Lille,67889,Hakon Arnar Haraldsson,70.0,6.6,0,0,0,0,35,26,1,0,7,4,1,1,0,0,0,M
1044893,79,Lille,8489,Jonathan David,89.0,7.5,1,0,2,1,10,9,0,1,6,1,0,1,1,0,0,F
1044893,79,Lille,327,Adam Ounas,20.0,7.9,1,0,2,2,11,11,0,0,4,2,1,1,0,0,0,M
1044893,79,Lille,18751,Ivan Cavaleiro,19.0,6.9,0,1,1,1,7,6,0,0,2,1,0,1,0,0,0,F
1044893,79,Lille,342970,Leny Yoro,9.0,6.9,0,0,0,0,2,,1,0,1,1,0,0,0,0,0,D
1044893,79,Lille,356041,Carlos Baleba,1.0,,0,0,0,0,4,2,2,0,2,2,0,0,0,0,0,M
1044893,79,Lille,49888,Yusuf Yazıcı,1.0,,0,0,0,0,5,3,1,0,3,1,0,0,0,0,0,M
1044893,79,Lille,22219,Adam Jakubech,,,0,0,0,0,0,,0,0,0,0,0,0,0,0,0,G
1044893,79,Lille,47969,Gabriel Gudmundsson,,,0,0,0,0,0,,0,0,0,0,0,0,0,0,0,D
1044893,79,Lille,291503,Ignacio Miramón,,,0,0,0,0,0,,0,0,0,0,0,0,0,0,0,M
1044893,79,Lille,271572,Alan Virginius,,,0,0,0,0,0,,0,0,0,0,0,0,0,0,0,F
1044893,83,Nantes,20762,Rémy Descamps,90.0,7.7,0,0,0,0,29,19,0,0,1,0,0,0,0,0,0,G
1044893,83,Nantes,99,Ronaël Pierre-Gabriel,90.0,6.9,0,0,0,0,22,18,4,0,9,4,0,0,1,0,0,D
1044893,83,Nantes,20545,Jean-Charles Castelletto,90.0,6.7,0,0,0,0,35,28,0,2,9,4,0,1,3,1,0,D
1044893,83,Nantes,21088,Nicolas Pallois,90.0,7,0,0,0,0,29,25,0,0,5,2,1,1,1,1,0,D
1044893,83,Nantes,21498,Marcus Coco,65.0,6.3,0,0,0,0,10,7,1,0,5,2,0,0,0,0,0,M
1044893,83,Nantes,93671,Pedro Chirivella,90.0,6.5,0,0,0,0,37,34,2,0,6,3,0,0,0,0,0,M
1044893,83,Nantes,10036,Douglas Augusto,72.0,6.9,0,0,0,0,23,18,3,2,6,3,0,0,2,0,0,M
1044893,83,Nantes,272460,Quentin Merlin,90.0,6.6,0,0,0,0,30,24,2,1,9,2,0,0,3,0,0,M
1044893,83,Nantes,21582,Florent Mollet,65.0,6.9,0,0,1,1,18,15,0,0,3,1,0,1,1,0,0,F
1044893,83,Nantes,2781,Moses Simon,72.0,7,0,0,2,1,10,7,0,0,3,3,2,0,0,0,0,F
1044893,83,Nantes,2668,Mostafa Mohamed,90.0,7,0,0,1,1,11,5,1,0,13,8,2,3,2,0,0,F
1044893,83,Nantes,21101,Samuel Moutoussamy,25.0,6.5,0,0,1,1,10,9,1,1,2,1,0,0,0,0,0,M
1044893,83,Nantes,368909,Stredair Appuah,25.0,6.2,0,0,1,0,5,4,0,0,4,2,2,0,1,0,0,F
1044893,83,Nantes,311520,Marquinhos,18.0,7.3,0,0,0,0,11,11,0,0,3,1,0,1,1,0,0,F
1044893,83,Nantes,84055,Abdoul Kader Bamba,18.0,7,0,0,0,0,13,12,1,0,4,2,0,1,0,0,0,F
1044893,83,Nantes,21484,Denis Petrić,,,0,0,0,0,0,,0,0,0,0,0,0,0,0,0,G
1044893,83,Nantes,388777,Bastien Meupiyou,,,0,0,0,0,0,,0,0,0,0,0,0,0,0,0,D
1044893,83,Nantes,365742,Michel Diaz,,,0,0,0,0,0,,0,0,0,0,0,0,0,0,0,D
1044893,83,Nantes,179,Moussa Sissoko,,,0,0,0,0,0,,0,0,0,0,0,0,0,0,0,M
1044893,83,Nantes,119029,Lamine Diack,,,0,0,0,0,0,,0,0,0,0,0,0,0,0,0,M
1044894,80,Lyon,8551,Rémy Riou,90.0,5.9,0,0,0,0,21,19,0,0,1,0,0,0,0,0,0,G
1044894,80,Lyon,334914,Sael Kumbedi,90.0,6.7,0,1,1,0,56,50,7,0,16,8,0,1,3,1,0,D
1044894,80,Lyon,1902,Duje Ćaleta-Car,90.0,6.2,0,0,0,0,62,52,1,1,6,3,0,0,0,0,0,D
1044894,80,Lyon,162466,Sinaly Diomandé,90.0,6.3,0,0,0,0,58,52,2,2,9,4,0,1,2,1,0,D
1044894,80,Lyon,529,Nicolás Tagliafico,90.0,6.2,0,0,0,0,37,33,3,0,8,4,0,0,3,1,0,D
1044894,80,Lyon,659,Maxence Caqueret,69.0,6.7,0,0,0,0,53,45,1,0,4,2,1,0,1,0,0,M
1044894,80,Lyon,193952,Johann Lepenant,90.0,6.9,0,0,0,0,72,64,3,1,10,5,1,1,4,1,0,M
1044894,80,Lyon,161904,Bradley Barcola,90.0,6.5,0,0,0,0,30,24,0,1,11,5,1,2,2,0,0,M
1044894,80,Lyon,156477,Rayan Cherki,90.0,7.6,0,0,1,0,69,55,1,0,15,9,6,2,0,0,0,M
1044894,80,Lyon,238391,Jeffinho,69.0,6.7,0,0,1,0,22,17,1,0,12,6,4,0,1,0,0,M
1044894,80,Lyon,1467,Alexandre Lacazette,80.0,7,1,0,2,2,14,13,0,0,8,2,1,1,3,0,1,F
1044894,80,Lyon,1456,Ainsley Maitland-Niles,21.0,6.9,0,0,0,0,34,31,1,0,2,2,1,0,0,0,0,M
1044894,80,Lyon,236955,Amin Sarr,21.0,6.5,0,0,1,1,4,4,0,0,2,1,1,0,1,0,0,F
1044894,80,Lyon,198389,Mathieu Patouillet,,,0,0,0,0,0,,0,0,0,0,0,0,0,0,0,G
1044894,80,Lyon,276184,Mamadou Sarr,,,0,0,0,0,0,,0,0,0,0,0,0,0,0,0,D
1044894,80,Lyon,10561,Henrique,,,0,0,0,0,0,,0,0,0,0,0,0,0,0,0,D
1044894,80,Lyon,270811,Mohamed El Arouch,,,0,0,0,0,0,,0,0,0,0,0,0,0,0,0,M
1044894,80,Lyon,21152,Jeff Reine-Adélaïde,,,0,0,0,0,0,,0,0,0,0,0,0,0,0,0,M
1044894,80,Lyon,3084,Tino Kadewere,,,0,0,0,0,0,,0,0,0,0,0,0,0,0,0,F
1044894,82,Montpellier,21566,Benjamin Lecomte,90.0,7.2,0,1,0,0,34,17,0,0,0,0,0,0,0,0,0,G
1044894,82,Montpellier,3336,Falaye Sacko,90.0,6.9,0,0,0,0,23,17,2,3,3,3,0,1,0,0,0,D
1044894,82,Montpellier,22138,Christopher Jullien,90.0,6.9,0,0,0,0,27,23,2,0,4,4,0,2,0,0,0,D
1044894,82,Montpellier,3335,Boubakar Kouyaté,90.0,6.7,0,0,1,0,23,22,0,2,8,4,0,2,2,1,0,D
1044894,82,Montpellier,22141,Issiaga Sylla,90.0,6.9,0,0,0,0,20,13,6,1,16,7,1,0,2,0,0,D
1044894,82,Montpellier,128287,Joris Chotard,90.0,7.3,0,0,1,1,39,36,2,1,5,3,0,0,1,0,0,M
1044894,82,Montpellier,21439,Jordan Ferri,89.0,6.3,0,0,0,0,39,34,2,1,15,3,0,1,1,0,0,M
1044894,82,Montpellier,15286,Mousa Al-Taamari,89.0,8.9,2,0,4,3,20,16,1,0,15,8,4,3,0,0,0,M
1044894,82,Montpellier,21443,Teji Savanier,89.0,6.9,0,0,0,0,32,24,0,0,8,4,1,3,0,0,0,M
1044894,82,Montpellier,22097,Arnaud Nordin,63.0,8,1,0,2,2,22,20,1,1,13,9,2,6,0,0,0,M
1044894,82,Montpellier,57446,Akor Adams,90.0,7,1,0,3,1,12,10,2,0,15,6,1,1,3,0,0,F
1044894,82,Montpellier,22102,Wahbi Khazri,27.0,6.9,0,0,1,1,3,2,0,0,2,2,1,1,0,0,0,F
1044894,82,Montpellier,20833,Leo Leroy,1.0,,0,1,0,0,5,5,0,0,0,0,0,0,0,0,0,M
1044894,82,Montpellier,999,Bećir Omeragić,1.0,,0,0,0,0,0,,0,0,0,0,0,0,0,0,0,D
1044894,82,Montpellier,179401,Sacha Delaye,1.0,,0,0,0,0,0,,0,0,0,0,0,0,0,0,0,F
1044894,82,Montpellier,21565,Dimitry Bertaud,,,0,0,0,0,0,,0,0,0,0,0,0,0,0,0,G
1044894,82,Montpellier,119113,Belmin Dizdarević,,,0,0,0,0,0,,0,0,0,0,0,0,0,0,0,G
1044894,82,Montpellier,179400,Maxime Estève,,,0,0,0,0,0,,0,0,0,0,0,0,0,0,0,D
1044894,82,Montpellier,179399,Enzo Tchato Mbiayi,,,0,0,0,0,0,,0,0,0,0,0,0,0,0,0,D
1044894,82,Montpellier,326088,Khalil Fayad,,,0,0,0,0,0,,0,0,0,0,0,0,0,0,0,M
1044895,93,Reims,20566,Yehvann Diouf,90.0,7.3,0,0,0,0,37,23,0,0,0,0,0,0,0,0,0,G
1044895,93,Reims,22000,Thomas Foket,90.0,7.2,0,0,0,0,39,35,1,1,6,3,0,2,1,0,0,D
1044895,93,Reims,135068,Emmanuel Agbadou,90.0,7.3,0,0,0,0,60,51,2,2,7,3,0,0,1,0,0,D
1044895,93,Reims,2704,Yunis Abdelhamid,90.0,7,0,0,0,0,61,54,0,1,10,3,0,0,0,0,0,D
1044895,93,Reims,278128,Josh Wilson-Esbrand,61.0,6.7,0,0,0,0,34,26,0,1,9,4,2,2,0,0,0,D
1044895,93,Reims,314231,Amir Richardson,73.0,7.7,0,1,0,0,28,24,1,1,4,2,0,1,0,0,0,M
1044895,93,Reims,37236,Azor Matusiwa,90.0,7.2,0,0,0,0,59,49,4,0,7,7,2,0,0,0,0,M
1044895,93,Reims,1942,Junya Ito,90.0,7.3,0,1,0,0,30,20,3,0,11,4,1,0,0,0,0,M
1044895,93,Reims,3080,Marshall Munetsi,86.0,6.6,1,0,3,3,16,9,0,1,8,2,1,1,2,0,0,M
1044895,93,Reims,33321,Keito Nakamura,61.0,6.3,0,0,2,0,14,8,1,0,12,4,1,0,2,0,0,M
1044895,93,Reims,334429,Oumar Diakité,73.0,6,0,0,0,0,7,4,1,1,11,1,0,0,1,0,0,F
1044895,93,Reims,8474,Thibault De Smet,29.0,6.9,0,0,0,0,14,10,1,1,1,1,0,0,0,0,0,D
1044895,93,Reims,1300,Mohamed Daramy,29.0,7.3,1,0,1,1,11,8,0,0,3,1,1,0,0,0,0,F
1044895,93,Reims,8966,Teddy Teuma,17.0,6.9,0,0,0,0,5,3,1,1,3,1,0,0,1,0,0,M
1044895,93,Reims,386481,Mamadou Diakhon,17.0,6.3,0,0,0,0,3,3,1,1,4,1,0,0,1,0,0,F
1044895,93,Reims,343351,Valentin Atangana Edoa,13.0,6.5,0,0,0,0,1,1,0,0,3,1,0,0,0,0,0,M
1044895,93,Reims,21080,Alexandre Olliero,,,0,0,0,0,0,,0,0,0,0,0,0,0,0,0,G
1044895,93,Reims,276554,Cheick Keita,,,0,0,0,0,0,,0,0,0,0,0,0,0,0,0,D
1044895,93,Reims,145476,Reda Khadra,,,0,0,0,0,0,,0,0,0,0,0,0,0,0,0,M
1044895,93,Reims,352990,Amine Salama,,,0,0,0,0,0,,0,0,0,0,0,0,0,0,0,F
1044895,99,Clermont Foot,119853,Mory Diaw,90.0,6.9,0,0,0,0,40,26,0,0,2,2,1,0,0,0,0,G
1044895,99,Clermont Foot,196187,Alidu Seidu,90.0,7,0,0,0,0,32,26,5,1,12,10,3,2,0,0,0,D
1044895,99,Clermont Foot,40392,Mateusz Wieteska,85.0,6.7,0,0,1,1,36,23,2,1,8,5,0,1,0,0,0,D
1044895,99,Clermont Foot,64256,Andy Pelmard,90.0,7,0,0,0,0,55,50,4,1,6,5,0,0,1,0,0,D
1044895,99,Clermont Foot,2203,Mehdi Zeffane,72.0,7,0,0,0,0,28,23,6,1,12,8,0,1,1,0,0,M
1044895,99,Clermont Foot,2051,Maxime Gonalons,90.0,7,0,0,2,1,44,41,1,3,7,2,0,1,2,0,0,M
1044895,99,Clermont Foot,20776,Johan Gastien,61.0,6.6,0,0,0,0,39,32,0,1,4,1,1,0,0,0,0,M
1044895,99,Clermont Foot,1927,Neto Borges,90.0,7.3,0,0,0,0,41,33,0,1,7,6,3,1,0,0,0,M
1044895,99,Clermont Foot,146008,Muhammed Cham-Saračević,90.0,7.3,0,0,3,1,44,39,5,0,11,7,1,0,1,0,0,F
1044895,99,Clermont Foot,21618,Jim Allevinah,72.0,7,0,0,0,0,29,23,2,1,10,5,2,1,1,0,0,F
1044895,99,Clermont Foot,20677,Grejohn Kyei,62.0,6.7,0,0,0,0,14,6,0,0,8,5,1,0,0,0,0,F
1044895,99,Clermont Foot,20778,Yohann Magnin,29.0,6.9,0,0,2,0,30,29,1,1,2,1,0,0,0,0,0,M
1044895,99,Clermont Foot,1325,Komnen Andrić,28.0,6.7,0,0,0,0,12,9,0,0,1,0,0,0,0,0,0,F
1044895,99,Clermont Foot,406591,Cheick Konate,18.0,6.3,0,0,0,0,11,8,0,1,4,1,1,0,0,0,0,D
1044895,99,Clermont Foot,46710,Jérémie Bela,18.0,6.7,0,0,0,0,9,9,0,0,3,1,0,1,0,0,0,F
1044895,99,Clermont Foot,21589,Bilal Boutobba,14.0,7.3,0,0,2,1,8,7,0,0,2,2,1,1,0,0,0,M
1044895,99,Clermont Foot,328447,Massamba Ndiaye,,,0,0,0,0,0,,0,0,0,0,0,0,0,0,0,G
1044895,99,Clermont Foot,20768,Florent Ogier,,,0,0,0,0,0,,0,0,0,0,0,0,0,0,0,D
1044895,99,Clermont Foot,21630,Yoël Armougom,,,0,0,0,0,0,,0,0,0,0,0,0,0,0,0,D
1044895,99,Clermont Foot,286660,Habib Keita,,,0,0,0,0,0,,0,0,0,0,0,0,0,0,0,M
1044896,116,Lens,21628,Brice Samba,90.0,7.2,0,0,0,0,23,17,0,0,0,0,0,0,0,0,0,G
1044896,116,Lens,21635,Jonathan Gradit,90.0,7.2,0,0,0,0,60,52,1,1,14,8,0,2,3,1,0,D
1044896,116,Lens,25287,Kevin Danso,90.0,6.6,0,0,0,0,67,58,0,0,2,1,0,0,0,0,0,D
1044896,116,Lens,6231,Facundo Medina,90.0,6.9,0,0,1,0,61,56,4,1,12,6,1,0,3,0,0,D
1044896,116,Lens,3007,Przemysław Frankowski,90.0,6.9,0,0,0,0,43,32,1,0,5,1,0,0,1,0,0,M
1044896,116,Lens,128987,Salis Abdul Samed,90.0,6.5,0,0,0,0,57,53,1,0,6,2,0,1,3,1,0,M
1044896,116,Lens,270509,Andy Diouf,81.0,7.9,0,0,3,2,43,37,3,0,8,6,2,1,0,0,0,M
1044896,116,Lens,2483,Deiver Machado,75.0,7.2,1,0,1,1,22,18,0,0,13,5,0,2,3,0,0,M
1044896,116,Lens,22261,Adrien Thomasson,74.0,6.9,0,0,0,0,36,28,3,0,8,4,0,1,1,0,0,F
1044896,116,Lens,21146,Angelo Fulgini,75.0,6.7,0,0,3,1,17,11,1,0,8,1,0,0,1,0,0,F
1044896,116,Lens,20761,Florian Sotoca,89.0,7.3,0,0,4,0,24,21,1,0,9,7,0,3,0,0,0,F
1044896,116,Lens,23643,Morgan Guilavogui,16.0,6.3,0,0,1,0,4,3,0,0,1,0,0,0,0,0,0,F
1044896,116,Lens,174607,David da Costa,15.0,6.3,0,0,0,0,4,3,0,0,0,0,0,0,0,0,0,M
1044896,116,Lens,3333,Massadio Haïdara,15.0,6.9,0,0,0,0,7,5,0,1,0,0,0,0,0,0,0,D
1044896,116,Lens,36868,Stijn Spierings,9.0,6.7,0,0,0,0,7,6,0,0,0,0,0,0,0,0,0,M
1044896,116,Lens,351923,Oscar Cortés,8.0,6.3,0,0,0,0,3,3,0,0,1,0,0,0,0,0,0,F
1044896,116,Lens,20651,Jean-Louis Leca,,,0,0,0,0,0,,0,0,0,0,0,0,0,0,0,G
1044896,116,Lens,85914,Julien Le Cardinal,,,0,0,0,0,0,,0,0,0,0,0,0,0,0,0,D
1044896,116,Lens,360114,Abdukodir Khusanov,,,0,0,0,0,0,,0,0,0,0,0,0,0,0,0,D
1044896,116,Lens,395811,Fodé Sylla,,,0,0,0,0,0,,0,0,0,0,0,0,0,0,0,M
1044896,94,Rennes,1897,Steve Mandanda,90.0,6.7,0,0,0,0,39,26,0,0,0,0,0,0,0,0,0,G
1044896,94,Rennes,180731,Lorenz Assignon,90.0,6.9,0,0,0,0,42,35,1,0,10,7,2,2,1,0,0,D
1044896,94,Rennes,162265,Warmed Omari,90.0,6.6,0,0,0,0,53,44,1,0,5,3,0,0,2,1,0,D
1044896,94,Rennes,204043,Arthur Theate,90.0,6.9,0,0,0,0,76,70,0,1,3,0,0,0,0,0,0,D
1044896,94,Rennes,343316,Jeanuel Belocian,82.0,6.9,0,0,0,0,44,38,0,2,1,0,0,0,1,0,0,D
1044896,94,Rennes,2206,Benjamin Bourigeaud,89.0,7.3,1,0,2,1,50,45,1,0,5,3,0,1,1,0,0,M
1044896,94,Rennes,21153,Baptiste Santamaria,62.0,6.3,0,0,0,0,36,27,2,0,6,3,0,0,0,0,0,M
1044896,94,Rennes,20638,Enzo Le Fée,63.0,6.3,0,0,0,0,39,31,1,0,10,5,0,2,1,0,0,M
1044896,94,Rennes,21497,Ludovic Blas,63.0,6.2,0,0,0,0,7,6,2,0,13,4,0,2,2,0,0,F
1044896,94,Rennes,147831,Arnaud Kalimuendo,90.0,7.6,0,0,2,2,29,26,1,1,7,4,0,3,1,0,0,F
1044896,94,Rennes,85041,Amine Gouiri,90.0,7.5,0,0,1,0,33,25,3,2,12,9,2,2,0,0,0,F
1044896,94,Rennes,902,Nemanja Matić,28.0,7.3,0,0,1,1,21,16,2,1,6,5,1,0,0,0,0,M
1044896,94,Rennes,343027,Désiré Doué,27.0,6.9,0,0,2,0,13,12,0,2,5,2,0,2,1,0,0,M
1044896,94,Rennes,1422,Jeremy Doku,27.0,6.3,0,0,1,1,10,7,0,0,3,1,0,1,0,0,0,F
1044896,94,Rennes,162267,Adrien Truffert,8.0,6.5,0,0,0,0,6,5,0,0,1,0,0,0,0,0,0,D
1044896,94,Rennes,161747,Guéla Doué,8.0,6.6,0,0,0,0,5,5,0,0,0,0,0,0,0,0,0,D
1044896,94,Rennes,20706,Gauthier Gallon,,,0,0,0,0,0,,0,0,0,0,0,0,0,0,0,G
1044896,94,Rennes,20916,Christopher Wooh,,,0,0,0,0,0,,0,0,0,0,0,0,0,0,0,D
1044896,94,Rennes,21154,Flavien Tait,,,0,0,0,0,0,,0,0,0,0,0,0,0,0,0,M
1044896,94,Rennes,375000,Ibrahim Salah,,,0,0,0,0,0,,0,0,0,0,0,0,0,0,0,F
1044897,111,LE Havre,24011,Arthur Desmas,90.0,7.2,0,0,0,0,26,20,0,0,3,3,0,2,0,0,0,G
1044897,111,LE Havre,174915,Josué Casimir,45.0,6.3,0,0,1,0,12,8,1,0,10,5,1,1,2,0,0,D
1044897,111,LE Havre,20576,Yoann Salmier,90.0,7.5,0,0,0,0,48,40,3,3,10,7,2,1,0,0,0,D
1044897,111,LE Havre,174927,Arouna Sangante,90.0,6.7,0,0,0,0,60,47,0,0,8,5,0,1,1,0,0,D
1044897,111,LE Havre,64255,Gautier Lloris,90.0,6.6,0,0,2,2,62,52,0,2,13,8,2,0,2,0,0,D
1044897,111,LE Havre,20836,Christopher Operi,90.0,6.3,0,1,0,0,42,31,1,0,6,2,0,0,0,0,0,D
1044897,111,LE Havre,128342,Rassoul Ndiaye,67.0,7.2,0,0,1,1,32,27,5,0,17,12,4,2,1,0,0,M
1044897,111,LE Havre,21103,Abdoulaye Touré,84.0,7.2,0,0,3,1,50,40,1,1,22,13,4,4,1,0,0,M
1044897,111,LE Havre,1212,Daler Kuzyaev,90.0,7.7,1,0,3,1,47,35,1,0,14,5,3,1,1,0,0,M
1044897,111,LE Havre,156465,Issa Soumaré,67.0,6.7,0,0,0,0,12,6,0,0,9,5,0,1,3,0,0,F
1044897,111,LE Havre,8681,Nabil Alioui,66.0,6.9,0,0,1,1,19,14,0,0,10,4,2,1,1,0,0,F
1044897,111,LE Havre,22266,Samuel Grandsir,45.0,6.9,0,0,0,0,18,17,0,0,2,0,0,0,0,0,0,F
1044897,111,LE Havre,339633,Andy Logbo,24.0,6.9,0,0,1,0,1,1,0,0,6,1,1,0,4,0,0,F
1044897,111,LE Havre,174937,Yassine Kechta,23.0,6.9,0,0,1,1,21,17,2,0,6,3,0,1,1,0,0,M
1044897,111,LE Havre,289304,Antoine Joujou,23.0,6.6,0,0,0,0,10,6,1,0,8,3,0,0,1,0,0,F
1044897,111,LE Havre,15783,Emmanuel Sabbi,12.0,6.6,0,0,0,0,2,1,0,0,1,1,1,0,0,0,0,F
1044897,111,LE Havre,646,Mathieu Gorgelin,,,0,0,0,0,0,,0,0,0,0,0,0,0,0,0,G
1044897,111,LE Havre,162443,Étienne Youte Kinkoue,,,0,0,0,0,0,,0,0,0,0,0,0,0,0,0,D
1044897,111,LE Havre,2336,Loic Négo,,,0,0,0,0,0,,0,0,0,0,0,0,0,0,0,D
1044897,111,LE Havre,284071,Oussama Targhalline,,,0,0,0,0,0,,0,0,0,0,0,0,0,0,0,M
1044897,106,Stade Brestois 29,36878,Marco Bizot,90.0,7.7,0,0,0,0,37,19,0,0,0,0,0,0,0,0,0,G
1044897,106,Stade Brestois 29,22247,Kenny Lala,90.0,6.3,0,0,0,0,34,24,1,2,6,2,0,1,0,0,0,D
1044897,106,Stade Brestois 29,20546,Brendan Chardonnet,90.0,6.6,0,0,0,0,44,36,1,0,11,7,0,4,0,0,0,D
1044897,106,Stade Brestois 29,126757,Lilian Brassier,90.0,7.5,1,0,2,1,49,37,0,0,8,5,0,2,1,0,0,D
1044897,106,Stade Brestois 29,274267,Bradley Locko,90.0,7.2,0,1,0,0,34,25,5,1,15,8,1,1,0,0,0,D
1044897,106,Stade Brestois 29,24147,Mahdi Camara,60.0,6.7,0,0,1,0,9,9,4,1,15,6,0,1,3,1,0,M
1044897,106,Stade Brestois 29,22170,Pierre Lees Melou,90.0,6.9,0,0,0,0,46,39,3,3,21,9,1,4,2,0,0,M
1044897,106,Stade Brestois 29,20558,Hugo Magnetti,70.0,6.9,0,0,0,0,16,13,4,1,8,5,0,0,2,0,0,M
1044897,106,Stade Brestois 29,2214,Romain Del Castillo,83.0,8.6,1,1,2,1,21,14,0,1,12,4,3,1,0,0,0,F
1044897,106,Stade Brestois 29,195512,Martín Satriano,60.0,6.7,0,0,2,2,10,5,1,1,11,4,0,1,2,0,0,F
1044897,106,Stade Brestois 29,85772,Jérémy Le Douaron,84.0,6.9,0,0,0,0,14,7,1,0,13,7,0,3,0,0,0,F
1044897,106,Stade Brestois 29,22258,Jonas Martin,30.0,6.9,0,0,0,0,21,19,1,0,1,1,0,0,0,0,0,M
1044897,106,Stade Brestois 29,3395,Steve Mounié,30.0,6.9,0,0,1,1,10,5,1,0,14,8,1,0,3,0,0,F
1044897,106,Stade Brestois 29,20780,Mathias Pereira Lage,20.0,6.6,0,0,0,0,6,3,0,0,1,1,0,0,0,0,0,M
1044897,106,Stade Brestois 29,129680,Hianga'a M'Bock,13.0,6.9,0,0,0,0,3,3,1,0,2,1,0,0,0,0,0,M
1044897,106,Stade Brestois 29,329209,Axel Camblan,12.0,6,0,0,0,0,1,1,0,0,7,0,0,0,2,1,0,M
1044897,106,Stade Brestois 29,21248,Grégoire Coudert,,,0,0,0,0,0,,0,0,0,0,0,0,0,0,0,G
1044897,106,Stade Brestois 29,36540,Achraf Dari,,,0,0,0,0,0,,0,0,0,0,0,0,0,0,0,D
1044897,106,Stade Brestois 29,22164,Christophe Herelle,,,0,0,0,0,0,,0,0,0,0,0,0,0,0,0,D
1044897,106,Stade Brestois 29,67959,Karamoko Dembélé,,,0,0,0,0,0,,0,0,0,0,0,0,0,0,0,F
1044899,85,Paris Saint Germain,1622,Gianluigi Donnarumma,90.0,7,0,0,0,0,47,37,0,0,0,0,0,0,0,0,0,G
1044899,85,Paris Saint Germain,9,Achraf Hakimi,90.0,6.9,0,0,2,0,81,74,1,2,11,3,0,2,3,0,0,D
1044899,85,Paris Saint Germain,257,Marquinhos,90.0,6.7,0,0,0,0,113,108,0,0,3,1,0,0,0,0,0,D
1044899,85,Paris Saint Germain,198,Milan Škriniar,90.0,6.9,0,0,0,0,115,112,1,0,7,3,0,1,0,0,0,D
1044899,85,Paris Saint Germain,33,Lucas Hernández,83.0,7.7,0,1,0,0,80,76,1,0,6,3,0,2,1,0,0,D
1044899,85,Paris Saint Germain,336657,Warren Zaïre-Emery,86.0,7.6,0,1,0,0,45,42,4,1,11,7,0,3,2,0,0,M
1044899,85,Paris Saint Germain,51494,Manuel Ugarte,90.0,6.9,0,0,0,0,48,41,7,1,16,11,1,2,0,0,0,M
1044899,85,Paris Saint Germain,128384,Vitinha,90.0,7.3,0,0,2,1,60,55,0,0,14,8,7,1,0,0,0,M
1044899,85,Paris Saint Germain,153,Ousmane Dembélé,80.0,6.9,0,0,1,0,36,30,1,0,14,6,2,3,0,0,0,F
1044899,85,Paris Saint Germain,746,Marco Asensio,90.0,7.2,1,0,2,1,35,33,0,0,4,1,1,0,1,0,0,F
1044899,85,Paris Saint Germain,278,Kylian Mbappé,90.0,8.9,2,0,6,5,45,41,0,0,11,4,3,1,1,0,0,F
1044899,85,Paris Saint Germain,328,Fabián Ruiz,10.0,7,0,1,0,0,11,9,0,0,1,1,1,0,0,0,0,M
1044899,85,Paris Saint Germain,381,Danilo Pereira,13.0,6.3,0,0,0,0,10,10,0,0,1,1,0,1,0,0,0,M
1044899,85,Paris Saint Germain,930,Carlos Soler,10.0,6.5,0,0,0,0,7,7,0,0,0,0,0,0,0,0,0,M
1044899,85,Paris Saint Germain,162473,Arnau Tenas,,,0,0,0,0,0,,0,0,0,0,0,0,0,0,0,G
1044899,85,Paris Saint Germain,731,Keylor Navas,,,0,0,0,0,0,,0,0,0,0,0,0,0,0,0,G
1044899,85,Paris Saint Germain,263,Layvin Kurzawa,,,0,0,0,0,0,,0,0,0,0,0,0,0,0,0,D
1044899,85,Paris Saint Germain,310196,Ismael Gharbi,,,0,0,0,0,0,,0,0,0,0,0,0,0,0,0,M
1044899,85,Paris Saint Germain,311083,Cher Ndour,,,0,0,0,0,0,,0,0,0,0,0,0,0,0,0,M
1044899,85,Paris Saint Germain,174565,Hugo Ekitiké,,,0,0,0,0,0,,0,0,0,0,0,0,0,0,0,F
1044899,116,Lens,21628,Brice Samba,90.0,6.2,0,0,0,0,16,11,0,0,0,0,0,0,0,0,0,G
1044899,116,Lens,21635,Jonathan Gradit,90.0,6,0,0,0,0,17,9,2,2,8,4,1,1,1,1,0,D
1044899,116,Lens,25287,Kevin Danso,90.0,7.2,0,0,1,0,33,26,1,1,4,4,1,1,0,0,0,D
1044899,116,Lens,6231,Facundo Medina,90.0,6.9,0,0,0,0,35,31,7,1,11,8,1,0,1,1,0,D
1044899,116,Lens,3007,Przemysław Frankowski,45.0,7,0,0,2,0,16,12,2,0,3,3,0,0,0,0,0,M
1044899,116,Lens,128987,Salis Abdul Samed,45.0,6.3,0,0,0,0,16,15,1,0,1,1,0,0,0,0,0,M
1044899,116,Lens,270509,Andy Diouf,83.0,6.2,0,0,1,0,38,31,2,1,11,2,0,0,1,0,0,M
1044899,116,Lens,2483,Deiver Machado,90.0,6.7,0,0,1,1,21,17,3,0,11,5,0,2,4,1,0,M
1044899,116,Lens,22261,Adrien Thomasson,58.0,6.9,0,0,2,0,25,19,3,0,9,5,0,0,0,0,0,F
1044899,116,Lens,21146,Angelo Fulgini,74.0,7,0,0,1,0,38,33,3,0,10,6,1,2,0,0,0,F
1044899,116,Lens,20761,Florian Sotoca,90.0,7.2,0,1,0,0,40,31,0,0,7,4,1,1,1,1,0,F
1044899,116,Lens,85914,Julien Le Cardinal,45.0,6.3,0,0,0,0,18,14,4,0,10,6,1,0,1,0,0,D
1044899,116,Lens,36868,Stijn Spierings,45.0,6.3,0,0,0,0,21,19,0,2,4,1,0,1,3,1,0,M
1044899,116,Lens,162707,Elye Wahi,32.0,6.6,0,0,2,2,8,7,0,0,5,0,0,0,3,0,0,F
1044899,116,Lens,23643,Morgan Guilavogui,16.0,7.2,1,0,1,1,5,5,1,1,3,1,0,0,1,0,0,F
1044899,116,Lens,174607,David da Costa,13.0,6.2,0,0,0,0,11,9,0,0,2,0,0,0,0,0,0,M
1044899,116,Lens,20651,Jean-Louis Leca,,,0,0,0,0,0,,0,0,0,0,0,0,0,0,0,G
1044899,116,Lens,3333,Massadio Haïdara,,,0,0,0,0,0,,0,0,0,0,0,0,0,0,0,D
1044899,116,Lens,360114,Abdukodir Khusanov,,,0,0,0,0,0,,0,0,0,0,0,0,0,0,0,D
1044899,116,Lens,352999,Ayanda Sishuba,,,0,0,0,0,0,,0,0,0,0,0,0,0,0,0,M
1044949,116,Lens,21628,Brice Samba,90.0,6.3,0,0,0,0,28,22,0,0,0,0,0,0,0,0,0,G
1044949,116,Lens,360114,Abdukodir Khusanov,69.0,6.5,0,0,0,0,30,26,1,0,5,2,0,1,0,0,0,D
1044949,116,Lens,25287,Kevin Danso,90.0,6.9,0,0,0,0,48,43,0,0,5,4,0,2,1,0,0,D
1044949,116,Lens,6231,Facundo Medina,90.0,6.9,0,0,0,0,69,61,1,2,11,6,2,1,4,1,0,D
1044949,116,Lens,21568,Ruben Aguilar,90.0,6.6,0,0,0,0,39,29,1,2,8,4,1,2,0,0,0,M
1044949,116,Lens,128987,Salis Abdul Samed,90.0,6.5,0,0,1,0,29,21,0,0,8,1,1,0,4,0,0,M
1044949,116,Lens,270509,Andy Diouf,61.0,6.9,0,0,0,0,16,15,1,0,8,4,2,1,0,0,0,M
1044949,116,Lens,3007,Przemysław Frankowski,90.0,7.3,0,1,1,0,52,41,1,2,12,3,0,2,1,0,0,M
1044949,116,Lens,20761,Florian Sotoca,61.0,7.3,0,0,2,2,14,9,0,0,6,3,0,1,1,0,0,F
1044949,116,Lens,21146,Angelo Fulgini,77.0,7.2,0,0,2,0,16,13,1,1,8,4,0,2,0,0,0,F
1044949,116,Lens,21715,Wesley Saïd,62.0,6.3,0,0,1,1,9,7,0,2,5,1,1,0,1,0,0,F
1044949,116,Lens,22261,Adrien Thomasson,29.0,6.3,0,0,1,0,14,8,0,1,6,3,1,1,0,0,0,M
1044949,116,Lens,162707,Elye Wahi,28.0,6.7,0,0,0,0,2,1,0,0,3,2,1,1,0,1,0,F
1044949,116,Lens,23643,Morgan Guilavogui,29.0,6.9,0,0,1,1,11,8,0,0,3,0,0,0,2,0,0,F
1044949,116,Lens,2483,Deiver Machado,21.0,7.3,1,0,1,1,7,4,0,0,2,0,0,0,0,0,0,D
1044949,116,Lens,277003,Neil El Aynaoui,13.0,6.5,0,0,0,0,2,2,0,0,3,1,1,0,0,0,0,M
1044949,116,Lens,20651,Jean-Louis Leca,,,0,0,0,0,0,,0,0,0,0,0,0,0,0,0,G
1044949,116,Lens,21441,Faitout Maouassa,,,0,0,0,0,0,,0,0,0,0,0,0,0,0,0,D
1044949,116,Lens,385591,Keny Mbala,,,0,0,0,0,0,,0,0,0,0,0,0,0,0,0,D
1044949,116,Lens,18785,Nampalys Mendy,,,0,0,0,0,0,,0,0,0,0,0,0,0,0,0,M
1044949,79,Lille,162453,Lucas Chevalier,90.0,7.3,0,0,0,0,31,18,0,0,0,0,0,0,0,0,0,G
1044949,79,Lille,22136,Bafodé Diakité,90.0,6.7,0,0,0,0,41,34,1,1,5,1,0,0,2,0,0,D
1044949,79,Lille,342970,Leny Yoro,90.0,6.7,0,0,0,0,57,53,0,2,5,1,0,0,2,1,0,D
1044949,79,Lille,142691,Alexsandro Ribeiro,90.0,7.2,0,0,0,0,68,61,3,2,8,5,0,0,1,1,0,D
1044949,79,Lille,679,Ismaily,90.0,6.3,0,0,0,0,52,39,0,0,5,3,0,0,0,0,0,D
1044949,79,Lille,2204,Benjamin André,90.0,7.6,1,0,2,1,63,52,6,1,19,14,0,3,2,0,0,M
1044949,79,Lille,896,Angel Gomes,88.0,7,0,0,0,0,57,50,1,3,5,3,1,1,1,1,0,M
1044949,79,Lille,48392,Edon Zhegrova,90.0,8.2,0,1,1,0,23,17,0,0,13,9,6,3,1,0,0,M
1044949,79,Lille,22093,Rémy Cabella,90.0,7.3,0,0,2,1,49,40,3,0,5,4,0,0,0,0,0,M
1044949,79,Lille,18751,Ivan Cavaleiro,69.0,6.3,0,0,0,0,29,23,1,0,12,6,2,2,4,1,0,M
1044949,79,Lille,8489,Jonathan David,88.0,6.7,0,0,1,1,24,17,1,0,8,4,0,3,1,0,0,F
1044949,79,Lille,327,Adam Ounas,21.0,6.9,0,0,0,0,7,6,0,1,3,3,2,1,0,0,0,M
1044949,79,Lille,409,Nabil Bentaleb,9.0,6.9,0,0,0,0,1,1,2,0,3,2,0,0,1,0,0,M
1044949,79,Lille,49888,Yusuf Yazıcı,9.0,6.5,0,0,0,0,0,,0,0,2,0,0,0,1,0,0,M
1044949,79,Lille,51146,Vito Mannone,,,0,0,0,0,0,,0,0,0,0,0,0,0,0,0,G
1044949,79,Lille,47969,Gabriel Gudmundsson,,,0,0,0,0,0,,0,0,0,0,0,0,0,0,0,D
1044949,79,Lille,379329,Tiago Santos,,,0,0,0,0,0,,0,0,0,0,0,0,0,0,0,D
1044949,79,Lille,139,Samuel Umtiti,,,0,0,0,0,0,,0,0,0,0,0,0,0,0,0,D
1044949,79,Lille,67889,Hakon Arnar Haraldsson,,,0,0,0,0,0,,0,0,0,0,0,0,0,0,0,M
1044949,79,Lille,291503,Ignacio Miramón,,,0,0,0,0,0,,0,0,0,0,0,0,0,0,0,M
1044950,112,Metz,20519,Alexandre Oukidja,90.0,7.2,0,0,0,0,18,10,0,0,0,0,0,0,0,0,0,G
1044950,112,Metz,96331,Koffi Kouao,70.0,6.9,0,0,1,0,29,23,2,1,5,3,1,0,0,0,0,D
1044950,112,Metz,3237,Ismaël Traoré,90.0,7,0,0,0,0,51,47,2,0,3,3,0,0,0,0,0,D
1044950,112,Metz,41371,Fali Candé,90.0,7.2,0,0,2,2,39,33,3,2,10,8,1,2,0,0,0,D
1044950,112,Metz,20525,Matthieu Udol,90.0,6.9,0,0,0,0,44,32,1,2,9,3,0,0,2,0,0,D
1044950,112,Metz,354861,Joseph N'Duquidi,90.0,6.9,0,0,0,0,38,33,1,1,9,5,1,3,0,0,0,M
1044950,112,Metz,338367,Danley Jean Jacques,78.0,6.9,0,0,0,0,27,24,3,2,6,3,0,0,2,0,0,M
1044950,112,Metz,20530,Ablie Jallow,70.0,6.3,0,0,0,0,23,21,0,1,10,2,1,1,1,0,0,M
1044950,112,Metz,374058,Lamine Camara,90.0,7.2,0,0,0,0,36,29,2,2,8,5,2,1,0,0,0,M
1044950,112,Metz,403889,Pape Diallo,64.0,6.7,0,0,0,0,20,12,1,1,5,3,0,0,0,0,0,M
1044950,112,Metz,63968,Óscar Estupiñán,78.0,6.9,0,0,2,1,18,13,0,0,10,4,0,0,1,0,0,F
1044950,112,Metz,20534,Cheick Tidiane Sabaly,26.0,6.5,0,0,0,0,5,4,0,0,3,0,0,0,1,0,0,M
1044950,112,Metz,87267,Kevin Van Den Kerkhof,20.0,6.9,0,0,0,0,8,6,0,1,3,2,2,0,0,0,0,D
1044950,112,Metz,19323,Joel Asoro,20.0,6.3,0,0,0,0,0,,0,1,3,1,0,1,1,0,0,F
1044950,112,Metz,347644,Arthur Atta,12.0,6.7,0,0,0,0,11,8,1,1,3,1,0,0,1,0,0,M
1044950,112,Metz,190985,Simon Elisor,12.0,6.7,0,0,0,0,1,1,0,0,0,0,0,0,0,0,0,F
1044950,112,Metz,20518,Guillaume Dietsch,,,0,0,0,0,0,,0,0,0,0,0,0,0,0,0,G
1044950,112,Metz,22164,Christophe Herelle,,,0,0,0,0,0,,0,0,0,0,0,0,0,0,0,D
1044950,112,Metz,293949,Jean N'Guessan,,,0,0,0,0,0,,0,0,0,0,0,0,0,0,0,M
1044950,112,Metz,112,Kévin N'Doram,,,0,0,0,0,0,,0,0,0,0,0,0,0,0,0,M
1044950,84,Nice,2274,Marcin Bułka,90.0,7.3,0,0,0,0,44,41,0,0,1,1,0,1,0,0,0,G
1044950,84,Nice,945,Jordan Lotomba,90.0,6.9,0,0,0,0,51,48,1,1,4,2,0,1,1,0,0,D
1044950,84,Nice,138,Jean-Clair Todibo,90.0,7.6,0,0,0,0,180,164,0,4,4,3,0,1,0,0,0,D
1044950,84,Nice,22163,Dante,90.0,8.2,0,0,1,0,115,106,2,3,8,5,0,0,0,0,0,D
1044950,84,Nice,162465,Melvin Bard,84.0,7.9,0,1,0,0,61,51,3,0,9,7,1,1,1,0,0,D
1044950,84,Nice,4399,Hicham Boudaoui,90.0,7.3,1,0,1,1,49,46,3,0,7,4,1,0,0,0,0,M
1044950,84,Nice,3099,Youssouf Ndayishimiye,90.0,7.3,0,0,0,0,134,125,1,1,3,2,0,1,0,0,0,M
1044950,84,Nice,116,Khéphren Thuram,45.0,6.7,0,0,0,0,32,29,0,0,3,1,0,0,1,1,0,M
1044950,84,Nice,21592,Gaëtan Laborde,84.0,6.9,0,0,0,0,28,16,0,0,12,6,1,1,0,0,0,F
1044950,84,Nice,69971,Terem Moffi,67.0,6.2,0,0,1,1,20,16,0,0,11,1,1,0,3,0,0,F
1044950,84,Nice,30531,Jérémie Boga,89.0,7.2,0,0,1,1,37,32,1,0,8,4,2,1,0,0,0,F
1044950,84,Nice,1914,Morgan Sanson,45.0,6.6,0,0,0,0,26,25,2,1,6,2,0,0,2,0,0,M
1044950,84,Nice,137303,Evann Guessand,23.0,6.6,0,0,1,1,8,6,1,0,8,4,1,0,2,0,0,F
1044950,84,Nice,20600,Romain Perraud,10.0,6.3,0,0,0,0,5,5,0,0,1,0,0,0,0,0,0,D
1044950,84,Nice,334879,Badredine Bouanani,10.0,6.9,0,0,0,0,6,5,0,1,2,2,0,2,0,0,0,M
1044950,84,Nice,20634,Alexis Claude-Maurice,1.0,,0,0,0,0,1,1,0,0,0,0,0,0,0,0,0,F
1044950,84,Nice,30495,Salvatore Sirigu,,,0,0,0,0,0,,0,0,0,0,0,0,0,0,0,G
1044950,84,Nice,3165,Youcef Atal,,,0,0,0,0,0,,0,0,0,0,0,0,0,0,0,D
1044950,84,Nice,240,Pablo Rosario,,,0,0,0,0,0,,0,0,0,0,0,0,0,0,0,M
1044950,84,Nice,237068,Aliou Balde,,,0,0,0,0,0,,0,0,0,0,0,0,0,0,0,F
1044951,82,Montpellier,21566,Benjamin Lecomte,90.0,6.2,0,0,0,0,17,13,0,0,0,0,0,0,0,0,0,G
1044951,82,Montpellier,3336,Falaye Sacko,90.0,7.3,0,0,0,0,57,50,2,0,11,6,1,1,1,0,0,D
1044951,82,Montpellier,3335,Boubakar Kouyaté,90.0,7.2,0,0,2,1,64,49,2,4,18,9,1,1,3,0,0,D
1044951,82,Montpellier,179400,Maxime Estève,89.0,6.5,0,0,0,0,13,12,0,0,1,0,0,0,1,2,1,D
1044951,82,Montpellier,21434,Theo Sainte Luce,70.0,6.6,0,0,2,0,37,32,2,1,6,2,0,0,0,1,0,D
1044951,82,Montpellier,999,Bećir Omeragić,90.0,7.2,0,0,0,0,57,53,4,1,9,5,0,0,1,1,0,M
1044951,82,Montpellier,21439,Jordan Ferri,45.0,6.6,0,0,0,0,40,31,1,1,6,3,0,1,3,0,0,M
1044951,82,Montpellier,15286,Mousa Al-Taamari,90.0,7.2,0,0,2,1,40,31,1,0,15,5,3,1,2,0,0,M
1044951,82,Montpellier,21443,Teji Savanier,90.0,8.9,1,0,6,4,103,75,1,0,16,4,2,1,4,0,0,M
1044951,82,Montpellier,22102,Wahbi Khazri,71.0,6.6,0,0,2,2,39,26,0,1,6,1,0,1,1,0,0,M
1044951,82,Montpellier,57446,Akor Adams,90.0,7.2,0,0,1,0,18,11,0,0,12,5,1,0,2,0,0,F
1044951,82,Montpellier,326088,Khalil Fayad,72.0,7.3,0,0,3,1,32,30,2,1,13,7,2,3,4,1,0,M
1044951,82,Montpellier,179401,Sacha Delaye,45.0,6.9,0,0,1,0,23,18,0,0,9,2,0,1,0,0,0,F
1044951,82,Montpellier,179399,Enzo Tchato Mbiayi,20.0,6.5,0,0,0,0,14,12,0,0,4,0,0,0,1,0,0,D
1044951,82,Montpellier,22097,Arnaud Nordin,19.0,7.2,0,0,1,1,9,9,0,0,5,4,2,2,0,0,0,F
1044951,82,Montpellier,21565,Dimitry Bertaud,,,0,0,0,0,0,,0,0,0,0,0,0,0,0,0,G
1044951,82,Montpellier,326092,Teo Allix,,,0,0,0,0,0,,0,0,0,0,0,0,0,0,0,D
1044951,82,Montpellier,333118,Lucas Mincarelli Davin,,,0,0,0,0,0,,0,0,0,0,0,0,0,0,0,D
1044951,82,Montpellier,20833,Leo Leroy,,,0,0,0,0,0,,0,0,0,0,0,0,0,1,0,M
1044951,82,Montpellier,339413,Serigne Faye,,,0,0,0,0,0,,0,0,0,0,0,0,0,0,0,F
1044951,82,Montpellier,7106,Kelvin Yeboah,,,0,0,0,0,0,,0,0,0,0,0,0,0,0,0,F
1044951,99,Clermont Foot,119853,Mory Diaw,90.0,8.2,0,0,0,0,37,11,0,0,0,0,0,0,0,0,0,G
1044951,99,Clermont Foot,64256,Andy Pelmard,90.0,7.5,0,0,0,0,24,19,4,0,7,6,1,1,0,1,0,D
1044951,99,Clermont Foot,20768,Florent Ogier,90.0,7.9,0,0,0,0,20,15,3,0,8,6,0,1,1,0,0,D
1044951,99,Clermont Foot,8718,Maximiliano Caufriez,90.0,7,0,0,0,0,39,32,2,1,9,5,0,3,1,2,0,D
1044951,99,Clermont Foot,406591,Cheick Konate,68.0,7,0,0,1,0,22,11,2,1,10,6,3,1,2,1,0,M
1044951,99,Clermont Foot,286660,Habib Keita,87.0,7.2,0,0,0,0,36,28,1,2,12,6,0,5,2,1,0,M
1044951,99,Clermont Foot,2051,Maxime Gonalons,64.0,7.9,1,0,1,1,36,32,3,2,9,6,1,0,1,1,0,M
1044951,99,Clermont Foot,1927,Neto Borges,89.0,6.9,0,0,0,0,27,20,1,2,13,6,3,1,0,0,1,M
1044951,99,Clermont Foot,146008,Muhammed Cham-Saračević,90.0,7.2,0,1,1,0,43,33,1,0,13,10,4,4,1,0,0,F
1044951,99,Clermont Foot,21618,Jim Allevinah,69.0,6.9,0,0,1,0,23,16,1,0,18,10,3,3,1,0,0,F
1044951,99,Clermont Foot,105873,Shamar Nicholson,90.0,6.9,0,0,0,0,28,16,0,0,17,9,0,2,1,0,0,F
1044951,99,Clermont Foot,20778,Yohann Magnin,26.0,6.5,0,0,0,0,9,6,0,1,6,3,0,0,2,0,0,M
1044951,99,Clermont Foot,2203,Mehdi Zeffane,22.0,6.5,0,0,0,0,6,5,0,0,0,0,0,0,0,0,0,D
1044951,99,Clermont Foot,39095,Elbasan Rashani,21.0,6.3,0,0,0,0,6,5,0,0,7,3,1,1,2,0,0,M
1044951,99,Clermont Foot,21630,Yoël Armougom,11.0,6.3,0,0,0,0,2,,0,0,1,1,0,1,0,0,0,D
1044951,99,Clermont Foot,412784,Abdellah Baallal,11.0,6.7,0,0,0,0,4,3,0,0,1,1,0,0,0,0,0,F
1044951,99,Clermont Foot,328447,Massamba Ndiaye,,,0,0,0,0,0,,0,0,0,0,0,0,0,0,0,G
1044951,99,Clermont Foot,21589,Bilal Boutobba,,,0,0,0,0,0,,0,0,0,0,0,0,0,0,0,M
1044951,99,Clermont Foot,20677,Grejohn Kyei,,,0,0,0,0,0,,0,0,0,0,0,0,0,0,0,F
1044951,99,Clermont Foot,334799,Aïman Maurer,,,0,0,0,0,0,,0,0,0,0,0,0,0,0,0,F
1044952,106,Stade Brestois 29,36878,Marco Bizot,90.0,7.2,0,0,0,0,34,27,0,0,0,0,0,0,0,0,0,G
1044952,106,Stade Brestois 29,22247,Kenny Lala,90.0,6.9,0,0,0,0,52,45,4,1,5,5,1,0,0,0,0,D
1044952,106,Stade Brestois 29,20546,Brendan Chardonnet,90.0,6.6,0,0,0,0,63,48,2,0,11,7,0,0,1,0,0,D
1044952,106,Stade Brestois 29,126757,Lilian Brassier,90.0,7.2,0,0,1,0,67,55,2,2,10,7,0,2,2,1,0,D
1044952,106,Stade Brestois 29,274267,Bradley Locko,90.0,7.2,0,0,0,0,39,30,2,3,15,7,3,2,3,0,0,D
1044952,106,Stade Brestois 29,22170,Pierre Lees Melou,90.0,7.6,0,0,1,0,34,30,0,2,9,7,2,3,1,0,0,M
1044952,106,Stade Brestois 29,22258,Jonas Martin,63.0,6.6,0,0,1,0,33,27,2,0,11,7,0,3,2,0,0,M
1044952,106,Stade Brestois 29,2214,Romain Del Castillo,86.0,7.3,0,0,1,0,27,14,0,0,9,4,1,2,0,0,0,M
1044952,106,Stade Brestois 29,24147,Mahdi Camara,45.0,6.6,0,0,0,0,11,11,0,1,4,2,0,1,2,1,0,M
1044952,106,Stade Brestois 29,85772,Jérémy Le Douaron,64.0,6.6,0,0,1,0,9,8,2,0,10,5,1,2,2,0,0,M
1044952,106,Stade Brestois 29,3395,Steve Mounié,75.0,6.7,0,0,2,0,17,10,0,0,14,8,0,0,2,0,0,F
1044952,106,Stade Brestois 29,326068,Kamory Doumbia,45.0,6.6,0,0,0,0,29,26,0,0,6,2,0,1,1,0,0,M
1044952,106,Stade Brestois 29,20558,Hugo Magnetti,27.0,7,0,0,1,1,22,18,1,0,4,2,0,1,1,0,0,M
1044952,106,Stade Brestois 29,195512,Martín Satriano,26.0,7.5,1,0,1,1,9,6,0,0,2,1,1,0,1,0,0,F
1044952,106,Stade Brestois 29,19250,Billal Brahimi,15.0,6.7,0,0,0,0,8,4,0,0,4,2,1,1,0,0,0,F
1044952,106,Stade Brestois 29,20780,Mathias Pereira Lage,10.0,6.5,0,0,0,0,1,,0,0,3,0,0,0,0,0,0,M
1044952,106,Stade Brestois 29,21248,Grégoire Coudert,,,0,0,0,0,0,,0,0,0,0,0,0,0,0,0,G
1044952,106,Stade Brestois 29,1901,Jordan Amavi,,,0,0,0,0,0,,0,0,0,0,0,0,0,0,0,D
1044952,106,Stade Brestois 29,36540,Achraf Dari,,,0,0,0,0,0,,0,0,0,0,0,0,0,0,0,D
1044952,106,Stade Brestois 29,85914,Julien Le Cardinal,,,0,0,0,0,0,,0,0,0,0,0,0,0,0,0,D
1044952,96,Toulouse,325346,Guillaume Restes,90.0,5.9,0,0,0,0,30,19,0,0,1,1,0,1,0,0,0,G
1044952,96,Toulouse,302622,Kévin Keben Biakolo,70.0,7.3,0,0,0,0,27,21,0,2,11,6,2,3,2,0,0,D
1044952,96,Toulouse,21997,Logan Costa,90.0,6.9,0,0,0,0,54,48,0,0,5,2,0,0,0,0,0,D
1044952,96,Toulouse,15793,Rasmus Nicolaisen,90.0,6.6,0,0,0,0,42,32,0,0,9,5,0,2,0,0,0,D
1044952,96,Toulouse,70476,Moussa Diarra,62.0,6.9,0,0,0,0,19,16,1,0,5,2,0,0,1,0,0,D
1044952,96,Toulouse,39115,Aron Dønnum,69.0,6.9,0,0,0,0,24,21,0,0,9,4,2,2,0,0,0,M
1044952,96,Toulouse,36868,Stijn Spierings,90.0,6.9,0,0,0,0,33,28,1,1,6,4,0,1,2,1,0,M
1044952,96,Toulouse,50956,Cristian Cásseres Jr.,90.0,6.9,0,1,0,0,28,19,1,1,10,2,0,1,2,0,0,M
1044952,96,Toulouse,20867,Yanis Begraoui,62.0,6.3,0,0,0,0,15,12,1,0,11,3,2,0,1,0,0,M
1044952,96,Toulouse,36928,Denis Genreau,90.0,7,0,0,0,0,40,30,3,0,13,5,1,1,4,0,0,F
1044952,96,Toulouse,174724,Frank Magri,84.0,7.3,1,0,2,1,18,11,1,0,18,4,0,1,4,1,0,F
1044952,96,Toulouse,11421,Gabriel Suazo,28.0,7.3,0,0,0,0,11,9,3,0,7,5,1,1,1,0,0,D
1044952,96,Toulouse,93016,Thijs Dallinga,28.0,6.2,0,0,2,2,13,9,0,0,4,3,1,2,0,0,0,F
1044952,96,Toulouse,39229,Mikkel Desler,20.0,6.7,0,0,0,0,13,10,1,0,5,4,1,1,0,0,0,D
1044952,96,Toulouse,48491,Vincent Sierro,21.0,6.6,0,0,0,0,8,5,0,0,2,0,0,0,1,0,0,M
1044952,96,Toulouse,163076,César Gelabert,12.0,6.5,0,0,0,0,3,2,0,0,1,1,0,0,0,0,0,M
1044952,96,Toulouse,47351,Alex Domínguez,,,0,0,0,0,0,,0,0,0,0,0,0,0,0,0,G
1044952,96,Toulouse,371916,Christian Mawissa,,,0,0,0,0,0,,0,0,0,0,0,0,0,0,0,D
1044952,96,Toulouse,191252,Mamady Bangré,,,0,0,0,0,0,,0,0,0,0,0,0,0,0,0,M
1044952,96,Toulouse,264383,Warren Kamanzi,,,0,0,0,0,0,,0,0,0,0,0,0,0,0,0,D
1044953,85,Paris Saint Germain,1622,Gianluigi Donnarumma,90.0,7.2,0,0,0,0,27,24,0,0,0,0,0,0,0,0,0,G
1044953,85,Paris Saint Germain,930,Carlos Soler,82.0,8.7,1,1,1,1,71,67,1,0,3,1,0,0,0,0,0,D
1044953,85,Paris Saint Germain,257,Marquinhos,90.0,7.5,0,0,0,0,151,146,0,0,3,2,0,1,0,0,0,D
1044953,85,Paris Saint Germain,381,Danilo Pereira,90.0,7.3,0,0,0,0,139,137,1,2,6,2,0,0,0,0,0,D
1044953,85,Paris Saint Germain,33,Lucas Hernández,72.0,7.3,0,0,0,0,95,89,2,3,7,4,0,1,0,0,0,D
1044953,85,Paris Saint Germain,328,Fabián Ruiz,90.0,8,1,0,1,1,60,56,4,1,11,6,1,1,1,0,0,M
1044953,85,Paris Saint Germain,128384,Vitinha,82.0,7.2,0,0,0,0,91,86,1,2,6,1,0,0,2,0,0,M
1044953,85,Paris Saint Germain,927,Kang-in Lee,90.0,6.9,0,0,1,0,53,48,2,1,11,3,0,1,1,1,0,M
1044953,85,Paris Saint Germain,161904,Bradley Barcola,66.0,7,0,0,1,0,32,27,5,0,11,6,1,0,3,0,0,M
1044953,85,Paris Saint Germain,41585,Gonçalo Ramos,66.0,7.6,0,0,0,0,20,17,3,0,8,6,0,3,1,0,0,F
1044953,85,Paris Saint Germain,278,Kylian Mbappé,90.0,8.3,1,1,3,2,42,35,1,0,8,5,2,2,1,0,0,F
1044953,85,Paris Saint Germain,21104,Randal Kolo Muani,24.0,6.3,0,0,0,0,5,3,0,0,2,0,0,0,0,0,0,F
1044953,85,Paris Saint Germain,153,Ousmane Dembélé,24.0,6.3,0,0,0,0,23,18,0,0,3,1,1,0,0,0,0,F
1044953,85,Paris Saint Germain,1146,Nordi Mukiele,18.0,6.6,0,0,0,0,16,14,2,0,6,4,1,0,1,0,0,D
1044953,85,Paris Saint Germain,263,Layvin Kurzawa,8.0,6.5,0,0,0,0,12,12,0,0,1,0,0,0,0,0,0,D
1044953,85,Paris Saint Germain,311083,Cher Ndour,8.0,6.7,0,0,0,0,5,5,1,0,4,1,0,0,1,1,0,M
1044953,85,Paris Saint Germain,731,Keylor Navas,,,0,0,0,0,0,,0,0,0,0,0,0,0,0,0,G
1044953,85,Paris Saint Germain,9,Achraf Hakimi,,,0,0,0,0,0,,0,0,0,0,0,0,0,0,0,D
1044953,85,Paris Saint Germain,198,Milan Škriniar,,,0,0,0,0,0,,0,0,0,0,0,0,0,0,0,D
1044953,85,Paris Saint Germain,51494,Manuel Ugarte,,,0,0,0,0,0,,0,0,0,0,0,0,0,0,0,M
1044953,95,Strasbourg,2919,Matz Sels,90.0,6.3,0,0,0,0,20,13,0,0,0,0,0,0,0,0,0,G
1044953,95,Strasbourg,191240,Marvin Senaya,90.0,6,0,0,0,0,13,6,2,3,15,7,0,3,2,0,0,D
1044953,95,Strasbourg,2200,Gerzino Nyamsi,90.0,6.6,0,0,1,1,21,16,0,2,3,1,0,0,1,0,0,D
1044953,95,Strasbourg,67953,Lucas Perrin,90.0,6.3,0,0,0,0,35,29,4,3,11,7,0,1,1,0,0,D
1044953,95,Strasbourg,20521,Thomas Delaine,90.0,6.7,0,0,0,0,20,13,4,0,8,7,2,1,0,0,0,D
1044953,95,Strasbourg,129695,Dilane Bakwa,90.0,6,0,0,0,0,20,15,0,1,10,2,1,0,0,0,0,M
1044953,95,Strasbourg,271542,Ismael Doukoure,90.0,6.9,0,0,2,0,23,19,1,2,4,3,1,1,0,0,0,M
1044953,95,Strasbourg,282549,Junior Mwanga,85.0,6.6,0,0,1,0,14,10,4,3,12,8,3,1,2,0,0,M
1044953,95,Strasbourg,327631,Habib Diarra,90.0,6.6,0,0,0,0,27,23,0,2,5,3,1,2,0,0,0,M
1044953,95,Strasbourg,21640,Jessy Deminguet,62.0,6.2,0,0,0,0,7,5,0,0,3,0,0,0,1,0,0,M
1044953,95,Strasbourg,3292,Lebo Mothiba,73.0,6.3,0,0,0,0,10,8,1,0,9,3,0,0,2,0,0,F
1044953,95,Strasbourg,288055,Ângelo,28.0,7,0,0,0,0,10,9,2,0,9,7,3,2,1,0,0,F
1044953,95,Strasbourg,309920,Dion Moise Sahi,17.0,6.3,0,0,1,0,3,2,0,0,1,0,0,0,0,0,0,F
1044953,95,Strasbourg,22260,Ibrahima Sissoko,9.0,6.7,0,0,0,0,3,2,0,0,0,0,0,0,0,0,0,M
1044953,95,Strasbourg,284795,Alaa Bellaarouch,,,0,0,0,0,0,,0,0,0,0,0,0,0,0,0,G
1044953,95,Strasbourg,274328,Saïdou Sow,,,0,0,0,0,0,,0,0,0,0,0,0,0,0,0,D
1044953,95,Strasbourg,364810,Abakar Sylla,,,0,0,0,0,0,,0,0,0,0,0,0,0,0,0,D
1044953,95,Strasbourg,2259,Eduard Sobol,,,0,0,0,0,0,,0,0,0,0,0,0,0,0,0,D
1044953,95,Strasbourg,22259,Sanjin Prcić,,,0,0,0,0,0,,0,0,0,0,0,0,0,0,0,M
1044953,95,Strasbourg,933,Kévin Gameiro,,,0,0,0,0,0,,0,0,0,0,0,0,0,0,0,F
1044954,96,Toulouse,325346,Guillaume Restes,90.0,6.5,0,0,0,0,22,11,0,0,0,0,0,0,0,0,0,G
1044954,96,Toulouse,39229,Mikkel Desler,90.0,6.9,0,0,0,0,51,39,1,0,8,5,0,4,2,0,0,D
1044954,96,Toulouse,21997,Logan Costa,90.0,7.2,0,1,0,0,56,49,1,0,5,2,0,0,2,1,0,D
1044954,96,Toulouse,15793,Rasmus Nicolaisen,90.0,7.2,0,0,1,0,38,33,1,1,7,3,0,0,3,0,0,D
1044954,96,Toulouse,11421,Gabriel Suazo,76.0,7,0,0,0,0,35,27,2,1,9,7,3,1,0,0,0,D
1044954,96,Toulouse,48491,Vincent Sierro,90.0,6.6,0,0,0,0,65,52,0,4,15,6,0,1,1,0,0,M
1044954,96,Toulouse,39115,Aron Dønnum,66.0,6.3,0,0,0,0,16,11,1,1,8,2,0,0,4,1,0,M
1044954,96,Toulouse,25533,Niklas Schmidt,90.0,7.5,0,0,4,2,45,39,2,0,9,6,0,3,1,0,0,M
1044954,96,Toulouse,50956,Cristian Cásseres Jr.,89.0,6.6,0,0,0,0,41,36,3,1,13,4,0,1,1,0,0,M
1044954,96,Toulouse,163076,César Gelabert,66.0,6.9,0,0,0,0,19,16,0,1,11,4,2,1,0,0,0,M
1044954,96,Toulouse,93016,Thijs Dallinga,76.0,8,1,0,1,1,19,14,3,0,7,5,0,1,1,0,0,F
1044954,96,Toulouse,191252,Mamady Bangré,24.0,6.7,0,0,1,0,14,12,0,0,5,0,0,0,0,0,0,M
1044954,96,Toulouse,174724,Frank Magri,24.0,5.9,0,0,1,1,2,1,1,0,16,2,1,0,3,0,0,F
1044954,96,Toulouse,70476,Moussa Diarra,14.0,6.7,0,0,0,0,4,4,0,1,0,0,0,0,0,0,0,D
1044954,96,Toulouse,20867,Yanis Begraoui,14.0,6.9,0,0,1,1,3,2,0,1,4,2,0,1,0,0,0,F
1044954,96,Toulouse,36928,Denis Genreau,1.0,,0,0,0,0,4,4,0,1,1,0,0,0,0,0,0,M
1044954,96,Toulouse,47351,Alex Domínguez,,,0,0,0,0,0,,0,0,0,0,0,0,0,0,0,G
1044954,96,Toulouse,302622,Kévin Keben Biakolo,,,0,0,0,0,0,,0,0,0,0,0,0,0,0,0,D
1044954,96,Toulouse,264383,Warren Kamanzi,,,0,0,0,0,0,,0,0,0,0,0,0,0,0,0,D
1044954,96,Toulouse,55319,Naatan Skyttä,,,0,0,0,0,0,,0,0,0,0,0,0,0,0,0,M
1044954,93,Reims,20566,Yehvann Diouf,90.0,7.3,0,0,0,0,47,38,0,0,1,1,0,1,0,0,0,G
1044954,93,Reims,135068,Emmanuel Agbadou,90.0,7.3,0,0,1,1,57,52,4,0,14,9,1,1,2,0,0,D
1044954,93,Reims,71545,Joseph Okumu,90.0,6.9,0,0,1,0,64,53,5,0,12,7,0,0,1,0,0,D
1044954,93,Reims,2704,Yunis Abdelhamid,90.0,7.7,0,0,2,0,71,56,4,1,9,8,1,2,0,0,0,D
1044954,93,Reims,22000,Thomas Foket,77.0,6.9,0,0,0,0,31,25,5,2,9,5,0,0,1,0,0,M
1044954,93,Reims,343351,Valentin Atangana Edoa,77.0,6.6,0,0,0,0,21,20,4,2,9,4,0,0,3,0,0,M
1044954,93,Reims,314231,Amir Richardson,83.0,7.5,1,0,1,1,32,23,2,0,10,5,1,1,2,0,0,M
1044954,93,Reims,8474,Thibault De Smet,77.0,6.3,0,0,0,0,24,16,1,2,9,4,0,3,2,0,0,M
1044954,93,Reims,3080,Marshall Munetsi,90.0,7.3,0,0,2,1,25,18,4,0,15,9,0,2,2,0,0,F
1044954,93,Reims,1942,Junya Ito,90.0,7.9,0,0,1,0,28,20,0,0,9,6,4,2,0,0,0,F
1044954,93,Reims,1300,Mohamed Daramy,59.0,6.6,0,0,0,0,18,13,0,0,3,2,1,1,0,0,0,F
1044954,93,Reims,334429,Oumar Diakité,31.0,6.9,0,0,1,0,5,3,2,1,6,3,0,1,0,0,0,M
1044954,93,Reims,278128,Josh Wilson-Esbrand,13.0,6.7,0,0,0,0,5,3,0,0,1,0,0,0,0,0,0,D
1044954,93,Reims,327691,Ibrahim Diakité,13.0,6.6,0,0,0,0,4,1,0,1,1,0,0,0,1,0,0,D
1044954,93,Reims,145476,Reda Khadra,13.0,6.9,0,0,1,1,4,2,0,0,4,3,2,1,0,0,0,M
1044954,93,Reims,437482,Amadou Kone,13.0,6.6,0,0,0,0,5,3,1,0,6,4,0,2,1,0,0,M
1044954,93,Reims,21080,Alexandre Olliero,,,0,0,0,0,0,,0,0,0,0,0,0,0,0,0,G
1044954,93,Reims,352990,Amine Salama,,,0,0,0,0,0,,0,0,0,0,0,0,0,0,0,F
1044954,93,Reims,386481,Mamadou Diakhon,,,0,0,0,0,0,,0,0,0,0,0,0,0,0,0,F
1044954,93,Reims,369059,Adama Bojang,,,0,0,0,0,0,,0,0,0,0,0,0,0,0,0,F
1044955,97,Lorient,1142,Yvon Mvogo,90.0,7.7,0,0,0,0,28,14,0,0,0,0,0,0,0,0,0,G
1044955,97,Lorient,162236,Formose Mendy,90.0,6.9,0,0,0,0,27,19,3,1,8,4,0,0,1,0,0,D
1044955,97,Lorient,50030,Montassar Talbi,90.0,7.2,0,0,0,0,30,23,2,2,6,5,0,0,0,0,0,D
1044955,97,Lorient,195893,Souleymane Isaak Touré,90.0,8.7,1,0,3,2,39,31,1,3,9,6,0,0,1,0,0,D
1044955,97,Lorient,174703,Théo Le Bris,82.0,6.9,0,0,0,0,22,16,3,2,6,4,1,0,0,0,0,M
1044955,97,Lorient,20917,Laurent Abergel,90.0,7.7,0,0,1,1,44,36,6,3,12,8,2,0,0,0,0,M
1044955,97,Lorient,1635,Tiemoué Bakayoko,90.0,7,0,0,0,0,22,20,3,2,11,8,0,4,1,0,0,M
1044955,97,Lorient,152669,Darline Yongwa,90.0,7.3,0,0,0,0,26,16,4,0,20,13,4,3,0,0,0,M
1044955,97,Lorient,276662,Pablo Pagis,45.0,6.6,0,0,0,0,16,12,3,2,5,3,0,0,0,0,0,F
1044955,97,Lorient,72457,Tosin Aiyegun,90.0,7.2,0,0,0,0,14,11,1,0,9,7,3,3,0,0,0,F
1044955,97,Lorient,368030,Eli Junior Kroupi,63.0,6.9,0,0,1,1,13,9,0,0,5,3,1,1,0,0,0,F
1044955,97,Lorient,333083,Bassirou N'Diaye,45.0,6.3,0,0,0,0,6,5,2,1,13,5,1,2,2,0,0,F
1044955,97,Lorient,84082,Romain Faivre,27.0,6.7,0,0,0,0,7,2,1,1,2,2,0,0,0,0,0,M
1044955,97,Lorient,24245,Gedeon Kalulu,8.0,6.7,0,0,0,0,1,1,0,0,1,1,0,0,0,0,0,D
1044955,97,Lorient,128997,Dominique Youfeigane,,,0,0,0,0,0,,0,0,0,0,0,0,0,0,0,G
1044955,97,Lorient,20625,Vincent Le Goff,,,0,0,0,0,0,,0,0,0,0,0,0,0,0,0,D
1044955,97,Lorient,20766,Julien Laporte,,,0,0,0,0,0,,0,0,0,0,0,0,0,0,0,D
1044955,97,Lorient,336561,Ayman Kari,,,0,0,0,0,0,,0,0,0,0,0,0,0,0,0,M
1044955,97,Lorient,22171,Jean-Victor Makengo,,,0,0,0,0,0,,0,0,0,0,0,0,0,0,0,M
1044955,97,Lorient,20641,Julien Ponceau,,,0,0,0,0,0,,0,0,0,0,0,0,0,0,0,M
1044955,94,Rennes,1897,Steve Mandanda,90.0,6.9,0,0,0,0,16,13,0,0,0,0,0,0,0,0,0,G
1044955,94,Rennes,180731,Lorenz Assignon,90.0,7.3,0,0,1,1,70,60,7,2,18,9,0,0,3,0,0,D
1044955,94,Rennes,162265,Warmed Omari,45.0,5.9,0,0,0,0,40,37,1,2,2,1,0,0,0,0,0,D
1044955,94,Rennes,343316,Jeanuel Belocian,90.0,7,0,0,0,0,96,93,0,1,2,1,0,0,0,0,0,D
1044955,94,Rennes,162267,Adrien Truffert,90.0,6.6,0,0,3,2,66,56,1,0,9,3,1,0,0,0,0,D
1044955,94,Rennes,2206,Benjamin Bourigeaud,62.0,7.2,0,0,0,0,59,47,2,1,4,2,0,0,0,0,0,M
1044955,94,Rennes,21153,Baptiste Santamaria,90.0,7,0,0,0,0,83,78,2,0,8,3,0,0,2,0,0,M
1044955,94,Rennes,20638,Enzo Le Fée,76.0,6.9,0,0,0,0,55,48,1,0,8,3,1,1,0,0,0,M
1044955,94,Rennes,21497,Ludovic Blas,62.0,7.3,1,0,4,2,27,22,0,0,11,0,0,0,3,0,0,F
1044955,94,Rennes,147831,Arnaud Kalimuendo,76.0,6.3,0,0,0,0,17,13,1,0,9,1,0,0,2,0,0,F
1044955,94,Rennes,85041,Amine Gouiri,90.0,7.3,0,1,2,1,44,39,0,1,13,5,5,0,1,0,0,F
1044955,94,Rennes,20916,Christopher Wooh,45.0,7.3,0,0,0,0,49,43,1,2,7,4,0,2,1,1,0,D
1044955,94,Rennes,343027,Désiré Doué,28.0,7.2,0,0,1,0,13,11,1,0,5,3,1,1,0,0,0,M
1044955,94,Rennes,375000,Ibrahim Salah,28.0,6.6,0,0,0,0,11,9,1,0,7,2,0,1,1,1,0,F
1044955,94,Rennes,163032,Fabian Rieder,14.0,6.3,0,0,0,0,7,6,0,0,2,0,0,0,0,0,0,M
1044955,94,Rennes,68483,Bertuğ Özgür Yıldırım,14.0,6.7,0,0,0,0,2,1,1,0,2,1,0,0,1,0,0,F
1044955,94,Rennes,20706,Gauthier Gallon,,,0,0,0,0,0,,0,0,0,0,0,0,0,0,0,G
1044955,94,Rennes,161747,Guéla Doué,,,0,0,0,0,0,,0,0,0,0,0,0,0,0,0,D
1044955,94,Rennes,367636,Jérémy Jacquet,,,0,0,0,0,0,,0,0,0,0,0,0,0,0,0,D
1044955,94,Rennes,438281,Mahamadou Nagida,,,0,0,0,0,0,,0,0,0,0,0,0,0,0,0,D
1044956,91,Monaco,7313,Philipp Köhn,90.0,6.9,0,0,0,0,24,20,0,0,0,0,0,0,0,0,0,G
1044956,91,Monaco,81,Krépin Diatta,90.0,7.7,0,0,1,0,68,59,2,1,15,9,4,1,2,0,0,D
1044956,91,Monaco,30504,Wilfried Singo,90.0,7.3,0,0,3,1,105,95,0,1,10,6,0,1,0,0,0,D
1044956,91,Monaco,163039,Chrislain Matsima,90.0,8.2,0,1,0,0,106,102,4,1,16,9,0,2,4,1,0,D
1044956,91,Monaco,158121,Ismail Jakobs,90.0,7.3,0,0,0,0,51,45,7,0,9,8,0,0,0,0,0,D
1044956,91,Monaco,7754,Mohamed Camara,45.0,6.9,0,0,3,3,48,43,1,0,5,1,0,0,0,0,0,M
1044956,91,Monaco,22254,Youssouf Fofana,90.0,7.9,0,0,3,0,117,106,3,0,3,3,0,0,0,0,0,M
1044956,91,Monaco,1101,Takumi Minamino,79.0,7.3,0,0,4,3,40,29,2,1,10,5,1,1,3,0,0,M
1044956,91,Monaco,109,Aleksandr Golovin,90.0,9.3,2,0,3,3,62,51,1,1,7,4,1,1,1,0,0,M
1044956,91,Monaco,138835,Folarin Balogun,89.0,7.2,0,0,1,1,27,22,0,1,11,4,2,0,1,0,0,F
1044956,91,Monaco,2059,Wissam Ben Yedder,89.0,7,0,0,2,1,26,21,0,0,4,0,0,0,0,0,0,F
1044956,91,Monaco,274300,Maghnes Akliouche,45.0,7.7,0,0,2,1,39,33,1,0,10,6,1,3,1,0,0,M
1044956,91,Monaco,343320,Eliesse Ben Seghir,11.0,6.5,0,0,0,0,9,9,0,0,1,0,0,0,0,0,0,M
1044956,91,Monaco,374361,Edan Diop,1.0,,0,0,0,0,7,7,0,0,0,0,0,0,0,0,0,M
1044956,91,Monaco,36907,Myron Boadu,1.0,,0,0,0,0,0,,0,0,0,0,0,0,0,0,0,F
1044956,91,Monaco,40384,Radosław Majecki,,,0,0,0,0,0,,0,0,0,0,0,0,0,0,0,G
1044956,91,Monaco,361881,Antonin Cartillier,,,0,0,0,0,0,,0,0,0,0,0,0,0,0,0,D
1044956,91,Monaco,361426,Ritchy Valme,,,0,0,0,0,0,,0,0,0,0,0,0,0,0,0,D
1044956,91,Monaco,326174,Nazim Babai,,,0,0,0,0,0,,0,0,0,0,0,0,0,0,0,D
1044956,91,Monaco,374499,Malamine Efekele,,,0,0,0,0,0,,0,0,0,0,0,0,0,0,0,F
1044956,112,Metz,20519,Alexandre Oukidja,90.0,8.6,0,0,0,0,28,15,0,0,1,1,0,1,0,0,0,G
1044956,112,Metz,19518,Maxime Colin,90.0,6.2,0,0,0,0,25,16,3,1,7,3,0,0,0,0,0,D
1044956,112,Metz,3237,Ismaël Traoré,90.0,6.7,0,0,0,0,12,9,2,2,4,2,0,0,0,0,0,D
1044956,112,Metz,41371,Fali Candé,90.0,6.9,0,0,0,0,15,8,1,0,3,2,0,0,0,0,0,D
1044956,112,Metz,20525,Matthieu Udol,90.0,7,0,0,1,0,23,17,1,2,5,3,0,2,0,0,0,D
1044956,112,Metz,338367,Danley Jean Jacques,90.0,6.6,0,0,2,1,20,12,2,1,8,6,2,1,1,0,0,M
1044956,112,Metz,354861,Joseph N'Duquidi,90.0,6.6,0,0,0,0,20,15,2,2,7,4,0,2,1,1,0,M
1044956,112,Metz,20530,Ablie Jallow,61.0,6,0,0,0,0,11,10,0,0,6,0,0,0,1,0,0,M
1044956,112,Metz,374058,Lamine Camara,71.0,7.2,1,0,1,1,16,10,2,2,9,3,1,0,3,1,0,M
1044956,112,Metz,20534,Cheick Tidiane Sabaly,71.0,6.9,0,0,0,0,16,12,3,0,17,9,3,3,0,0,0,M
1044956,112,Metz,63968,Óscar Estupiñán,32.0,6.7,0,0,0,0,8,3,1,0,7,4,0,1,0,0,0,F
1044956,112,Metz,66029,Benjamin Tetteh,58.0,6.6,0,0,2,1,20,12,1,0,13,4,0,1,3,1,0,F
1044956,112,Metz,19323,Joel Asoro,29.0,6.2,0,0,0,0,4,2,1,0,9,3,1,0,1,0,0,F
1044956,112,Metz,347644,Arthur Atta,19.0,6.3,0,0,0,0,9,5,0,0,2,1,0,1,1,0,0,M
1044956,112,Metz,87267,Kevin Van Den Kerkhof,19.0,6.9,0,0,1,1,4,2,0,0,3,1,0,0,0,0,0,D
1044956,112,Metz,20518,Guillaume Dietsch,,,0,0,0,0,0,,0,0,0,0,0,0,0,0,0,G
1044956,112,Metz,22164,Christophe Herelle,,,0,0,0,0,0,,0,0,0,0,0,0,0,0,0,D
1044956,112,Metz,96331,Koffi Kouao,,,0,0,0,0,0,,0,0,0,0,0,0,0,0,0,D
1044956,112,Metz,403883,Malick Mbaye,,,0,0,0,0,0,,0,0,0,0,0,0,0,0,0,M
1044956,112,Metz,403889,Pape Diallo,,,0,0,0,0,0,,0,0,0,0,0,0,0,0,0,F
1044957,79,Lille,162453,Lucas Chevalier,90.0,7,0,0,0,0,25,13,0,0,1,1,0,1,0,0,0,G
1044957,79,Lille,22136,Bafodé Diakité,90.0,7.9,0,0,0,0,37,28,2,0,9,6,1,0,2,0,0,D
1044957,79,Lille,342970,Leny Yoro,90.0,7.5,0,0,0,0,23,17,1,3,5,4,0,1,1,0,0,D
1044957,79,Lille,142691,Alexsandro Ribeiro,90.0,7.7,0,0,0,0,40,32,4,4,8,7,0,2,0,0,0,D
1044957,79,Lille,679,Ismaily,90.0,7.9,0,0,0,0,37,30,5,2,14,12,2,2,0,0,0,D
1044957,79,Lille,2204,Benjamin André,90.0,6.9,0,0,0,0,53,37,1,2,15,9,0,0,1,1,0,M
1044957,79,Lille,409,Nabil Bentaleb,67.0,6.7,0,0,0,0,33,23,4,2,15,7,2,1,2,0,0,M
1044957,79,Lille,48392,Edon Zhegrova,66.0,6.2,0,0,1,0,25,18,1,0,15,4,3,0,2,0,0,M
1044957,79,Lille,49888,Yusuf Yazıcı,76.0,7.9,1,0,2,2,28,21,4,0,10,4,0,0,2,0,0,M
1044957,79,Lille,18751,Ivan Cavaleiro,75.0,6.6,0,0,0,0,26,20,1,1,14,6,2,1,0,0,0,M
1044957,79,Lille,8489,Jonathan David,89.0,7.2,0,1,2,2,25,19,1,0,9,5,1,3,1,0,0,F
1044957,79,Lille,327,Adam Ounas,24.0,6.7,0,0,0,0,9,6,2,1,12,6,2,1,0,0,0,M
1044957,79,Lille,438688,Ayyoub Bouaddi,23.0,6.7,0,0,0,0,8,8,1,1,3,1,0,0,0,0,0,M
1044957,79,Lille,67889,Hakon Arnar Haraldsson,15.0,6.3,0,0,0,0,9,3,1,0,5,2,1,0,1,1,0,M
1044957,79,Lille,22093,Rémy Cabella,14.0,6.9,0,0,0,0,7,4,2,0,5,3,0,1,0,0,0,M
1044957,79,Lille,139,Samuel Umtiti,8.0,6.7,0,0,0,0,0,,0,0,1,1,0,0,0,0,0,D
1044957,79,Lille,51146,Vito Mannone,,,0,0,0,0,0,,0,0,0,0,0,0,0,0,0,G
1044957,79,Lille,47969,Gabriel Gudmundsson,,,0,0,0,0,0,,0,0,0,0,0,0,0,0,0,D
1044957,79,Lille,379329,Tiago Santos,,,0,0,0,0,0,,0,0,0,0,0,0,0,0,0,D
1044957,79,Lille,291503,Ignacio Miramón,,,0,0,0,0,0,,0,0,0,0,0,0,0,0,0,M
1044957,106,Stade Brestois 29,36878,Marco Bizot,90.0,7.2,0,0,0,0,30,24,0,0,0,0,0,0,0,0,0,G
1044957,106,Stade Brestois 29,22247,Kenny Lala,90.0,7.3,0,0,1,1,53,46,3,3,7,4,1,0,1,0,0,D
1044957,106,Stade Brestois 29,20546,Brendan Chardonnet,90.0,6.6,0,0,0,0,54,43,2,0,6,4,0,0,1,0,0,D
1044957,106,Stade Brestois 29,36540,Achraf Dari,90.0,6.6,0,0,0,0,66,54,1,3,9,6,0,1,2,0,0,D
1044957,106,Stade Brestois 29,274267,Bradley Locko,90.0,7.3,0,0,0,0,43,36,6,1,19,13,4,1,1,0,0,D
1044957,106,Stade Brestois 29,22258,Jonas Martin,74.0,6.7,0,0,1,0,55,51,3,0,13,4,1,0,2,0,0,M
1044957,106,Stade Brestois 29,22170,Pierre Lees Melou,90.0,7.2,0,0,0,0,73,63,3,3,13,7,1,3,2,0,0,M
1044957,106,Stade Brestois 29,20558,Hugo Magnetti,63.0,6.3,0,0,0,0,24,21,2,0,14,4,1,1,0,0,0,M
1044957,106,Stade Brestois 29,2214,Romain Del Castillo,87.0,6.9,0,0,0,0,29,21,3,0,20,10,3,4,1,0,0,F
1044957,106,Stade Brestois 29,195512,Martín Satriano,74.0,6.9,0,0,2,0,13,7,1,0,11,5,0,2,0,0,0,F
1044957,106,Stade Brestois 29,85772,Jérémy Le Douaron,74.0,6.3,0,0,1,0,10,6,1,0,14,2,1,0,1,1,0,F
1044957,106,Stade Brestois 29,326068,Kamory Doumbia,27.0,6.6,0,0,1,0,20,16,3,1,7,3,0,0,1,0,0,M
1044957,106,Stade Brestois 29,19250,Billal Brahimi,16.0,6.2,0,0,0,0,6,4,0,0,2,0,0,0,0,1,0,F
1044957,106,Stade Brestois 29,329209,Axel Camblan,16.0,6.2,0,0,1,0,6,5,0,0,1,0,0,0,0,1,0,M
1044957,106,Stade Brestois 29,3395,Steve Mounié,16.0,6.7,0,0,0,0,4,2,0,0,3,1,0,0,0,0,0,F
1044957,106,Stade Brestois 29,20780,Mathias Pereira Lage,10.0,6.2,0,0,0,0,3,2,0,0,2,0,0,0,1,0,0,M
1044957,106,Stade Brestois 29,21248,Grégoire Coudert,,,0,0,0,0,0,,0,0,0,0,0,0,0,0,0,G
1044957,106,Stade Brestois 29,85914,Julien Le Cardinal,,,0,0,0,0,0,,0,0,0,0,0,0,0,0,0,D
1044957,106,Stade Brestois 29,1901,Jordan Amavi,,,0,0,0,0,0,,0,0,0,0,0,0,0,0,0,D
1044957,106,Stade Brestois 29,125704,Adrien Lebeau,,,0,0,0,0,0,,0,0,0,0,0,0,0,0,0,M
1044958,80,Lyon,647,Anthony Lopes,90.0,6.9,0,0,0,0,16,14,0,0,0,0,0,0,0,0,0,G
1044958,80,Lyon,68,Clinton Mata,90.0,7.7,0,0,1,0,68,56,4,4,11,7,0,1,0,0,0,D
1044958,80,Lyon,287,Dejan Lovren,90.0,7.2,0,0,1,0,71,58,1,2,11,7,0,1,2,1,0,D
1044958,80,Lyon,270139,Jake O'Brien,90.0,7.2,0,0,0,0,65,57,1,0,8,6,1,0,1,1,0,D
1044958,80,Lyon,10561,Henrique,83.0,6.9,0,0,1,1,49,41,1,1,6,3,0,2,3,1,0,D
1044958,80,Lyon,1456,Ainsley Maitland-Niles,45.0,6.6,0,0,1,0,18,12,3,0,11,7,3,0,0,0,0,M
1044958,80,Lyon,1568,Paul Akouokou,45.0,7,0,0,1,0,34,29,2,2,6,4,1,1,0,0,0,M
1044958,80,Lyon,659,Maxence Caqueret,90.0,7.3,0,1,0,0,86,75,2,2,10,3,0,1,2,0,0,M
1044958,80,Lyon,156477,Rayan Cherki,45.0,6.9,0,0,0,0,24,18,1,0,7,3,0,2,0,0,0,F
1044958,80,Lyon,1467,Alexandre Lacazette,90.0,7.6,0,0,5,1,22,21,1,0,17,7,0,2,4,0,0,F
1044958,80,Lyon,238391,Jeffinho,68.0,7.5,0,0,1,1,34,23,4,0,18,8,3,0,1,0,0,F
1044958,80,Lyon,519,Corentin Tolisso,45.0,7.9,1,0,3,3,50,44,1,0,5,3,0,0,1,1,0,M
1044958,80,Lyon,386284,Mahamadou Diawara,45.0,6.9,0,0,1,0,23,22,0,0,5,2,1,1,0,0,0,M
1044958,80,Lyon,350856,Ernest Nuamah,45.0,7,0,0,2,1,25,20,1,0,9,4,3,0,1,0,0,F
1044958,80,Lyon,41323,Mama Baldé,22.0,6.6,0,0,1,0,5,2,0,1,4,2,0,1,0,0,0,F
1044958,80,Lyon,334914,Sael Kumbedi,14.0,6.3,0,0,0,0,5,4,1,0,3,1,0,0,1,0,0,D
1044958,80,Lyon,8551,Rémy Riou,,,0,0,0,0,0,,0,0,0,0,0,0,0,0,0,G
1044958,80,Lyon,162466,Sinaly Diomandé,,,0,0,0,0,0,,0,0,0,0,0,0,0,0,0,D
1044958,80,Lyon,1902,Duje Ćaleta-Car,,,0,0,0,0,0,,0,0,0,0,0,0,0,0,0,D
1044958,80,Lyon,3084,Tino Kadewere,,,0,0,0,0,0,,0,0,0,0,0,0,0,0,0,F
1044958,99,Clermont Foot,119853,Mory Diaw,90.0,8.2,0,0,0,0,42,24,0,0,0,0,0,0,0,1,0,G
1044958,99,Clermont Foot,64256,Andy Pelmard,90.0,7,0,0,0,0,20,17,4,2,8,7,0,1,0,0,0,D
1044958,99,Clermont Foot,20768,Florent Ogier,90.0,6.9,0,0,0,0,19,13,3,1,10,5,0,1,2,1,0,D
1044958,99,Clermont Foot,8718,Maximiliano Caufriez,84.0,8,0,1,0,0,33,27,8,2,11,9,1,0,0,0,0,D
1044958,99,Clermont Foot,406591,Cheick Konate,90.0,7,0,0,0,0,15,12,0,0,10,6,1,4,2,0,0,M
1044958,99,Clermont Foot,2051,Maxime Gonalons,69.0,6.9,0,0,0,0,33,31,4,1,17,7,1,1,2,0,0,M
1044958,99,Clermont Foot,20776,Johan Gastien,90.0,6.7,0,0,0,0,48,32,2,4,13,7,0,4,1,1,0,M
1044958,99,Clermont Foot,20778,Yohann Magnin,68.0,7,1,0,1,1,20,17,0,1,7,1,0,0,0,0,0,M
1044958,99,Clermont Foot,21618,Jim Allevinah,83.0,6.2,0,0,0,0,27,19,2,3,11,3,0,1,0,0,0,M
1044958,99,Clermont Foot,146008,Muhammed Cham-Saračević,81.0,7.5,1,0,2,2,34,34,1,0,14,4,2,1,1,0,0,F
1044958,99,Clermont Foot,105873,Shamar Nicholson,90.0,7.3,0,1,3,2,28,17,0,0,15,8,0,1,1,0,0,F
1044958,99,Clermont Foot,286660,Habib Keita,22.0,7,0,0,0,0,11,9,2,0,5,3,1,0,1,0,0,M
1044958,99,Clermont Foot,39095,Elbasan Rashani,21.0,6.7,0,0,0,0,9,6,0,0,2,0,0,0,1,1,0,M
1044958,99,Clermont Foot,21589,Bilal Boutobba,9.0,6.6,0,0,0,0,3,3,1,0,4,3,0,2,0,0,0,M
1044958,99,Clermont Foot,196187,Alidu Seidu,13.0,6.7,0,0,0,0,3,,0,1,3,1,0,0,1,1,0,D
1044958,99,Clermont Foot,2203,Mehdi Zeffane,14.0,6.3,0,0,0,0,2,2,0,0,1,0,0,0,0,0,0,D
1044958,99,Clermont Foot,328447,Massamba Ndiaye,,,0,0,0,0,0,,0,0,0,0,0,0,0,0,0,G
1044958,99,Clermont Foot,336857,Stan Berkani,,,0,0,0,0,0,,0,0,0,0,0,0,0,0,0,M
1044958,99,Clermont Foot,20677,Grejohn Kyei,,,0,0,0,0,0,,0,0,0,0,0,0,0,0,0,F
1044958,99,Clermont Foot,334799,Aïman Maurer,,,0,0,0,0,0,,0,0,0,0,0,0,0,0,0,F
